"PointID","x","y","Adjoint_Density","Adjoint_Momentum_x","Adjoint_Momentum_y","Adjoint_Energy","Sensitivity_x","Sensitivity_y","Surface_Sensitivity"
0, 9.997500181200000e-01, -3.633267228290264e-05, 2.664612335875869e-01, -6.924537562545883e-01, -1.141095971832864e-01, 2.011080080161365e-01, 0.000000000000000e+00, 0.000000000000000e+00, -1.558067502871841e+00
1, 9.990000128750000e-01, -1.454877519734475e-04, -7.424130365008795e-02, 1.222626602546351e-02, -8.732512087264083e-02, -4.959512797270093e-03, 0.000000000000000e+00, 0.000000000000000e+00, 8.597884325110819e-01
2, 9.977599978450000e-01, -3.276763035648608e-04, -8.932279046093297e-02, 6.370248475683719e-02, -1.116710575011374e-01, -1.268152013820306e-02, 0.000000000000000e+00, 0.000000000000000e+00, 7.301996203689630e-02
3, 9.960200190539999e-01, -5.908371776044496e-04, -1.088158828698514e-01, 1.017727524331222e-01, -1.113335189666493e-01, -2.036819683963018e-02, 0.000000000000000e+00, 0.000000000000000e+00, 6.846606315480432e-02
4, 9.937800168990000e-01, -9.503711580592251e-04, -1.288756473484346e-01, 1.381825534409155e-01, -1.207459161134346e-01, -2.835145665356515e-02, 0.000000000000000e+00, 0.000000000000000e+00, 5.269117996329241e-02
5, 9.910500049590000e-01, -1.431104493861052e-03, -1.374688579584993e-01, 1.554618279303200e-01, -1.351766618440936e-01, -3.154348248755789e-02, 0.000000000000000e+00, 0.000000000000000e+00, 3.379681502054149e-02
6, 9.878399968150000e-01, -2.065843219501399e-03, -1.382568557064824e-01, 1.611765953021519e-01, -1.545815890510619e-01, -3.247530151499678e-02, 0.000000000000000e+00, 0.000000000000000e+00, 2.814015583467450e-02
7, 9.841300249100000e-01, -2.893124614693864e-03, -1.295237993515549e-01, 1.531393630693023e-01, -1.776226162290719e-01, -3.077070019617181e-02, 0.000000000000000e+00, 0.000000000000000e+00, 2.386819042451908e-02
8, 9.799500107769999e-01, -3.926149039608922e-03, -1.098428345881821e-01, 1.295498316337080e-01, -2.014971754211085e-01, -2.617319086715628e-02, 0.000000000000000e+00, 0.000000000000000e+00, 1.938718229382781e-02
9, 9.752799868580000e-01, -5.161198342586707e-03, -7.913625889417948e-02, 9.046954720195990e-02, -2.222011861786159e-01, -1.867788998962572e-02, 0.000000000000000e+00, 0.000000000000000e+00, 1.393708058724531e-02
10, 9.701499938960000e-01, -6.547848241434274e-03, -3.949942565033588e-02, 3.905294893108759e-02, -2.353579675919771e-01, -8.812019644927191e-03, 0.000000000000000e+00, 0.000000000000000e+00, 8.313491025681092e-03
11, 9.645400047300000e-01, -8.022614719366071e-03, 4.376002810646557e-03, -1.821505595968954e-02, -2.373780456650959e-01, 2.231944669200910e-03, 0.000000000000000e+00, 0.000000000000000e+00, 2.558618716138792e-03
12, 9.584699869160000e-01, -9.504500784122530e-03, 4.495648621572779e-02, -7.163248608042630e-02, -2.270927935294968e-01, 1.255862546853440e-02, 0.000000000000000e+00, 0.000000000000000e+00, -2.571184767095046e-03
13, 9.519400000570000e-01, -1.093395517108733e-02, 7.422111847053073e-02, -1.111926919719973e-01, -2.072948019495245e-01, 2.003968028857524e-02, 0.000000000000000e+00, 0.000000000000000e+00, -4.246187613478066e-03
14, 9.449599981310000e-01, -1.228126253321360e-02, 8.755620679121046e-02, -1.310715611131246e-01, -1.839054337326519e-01, 2.342352163650752e-02, 0.000000000000000e+00, 0.000000000000000e+00, -1.664988862089229e-03
15, 9.375399947170000e-01, -1.355173705377461e-02, 8.683923844617204e-02, -1.331348237811635e-01, -1.630784047318219e-01, 2.315034088997021e-02, 0.000000000000000e+00, 0.000000000000000e+00, 2.314966816325539e-03
16, 9.296900033950000e-01, -1.477554192782963e-02, 7.886994750757223e-02, -1.252653613210475e-01, -1.483726795707022e-01, 2.096703856443730e-02, 0.000000000000000e+00, 0.000000000000000e+00, 4.612741059642930e-03
17, 9.214000105860000e-01, -1.599452076060943e-02, 7.041377972544172e-02, -1.157559699903382e-01, -1.399939492029240e-01, 1.868252610203763e-02, 0.000000000000000e+00, 0.000000000000000e+00, 4.961728526969154e-03
18, 9.126999974250000e-01, -1.723925044204500e-02, 6.557060720571686e-02, -1.098496270357710e-01, -1.364362362026059e-01, 1.732534848247731e-02, 0.000000000000000e+00, 0.000000000000000e+00, 4.385195438789565e-03
19, 9.035800099370001e-01, -1.853309198716230e-02, 6.521865134187797e-02, -1.089653566357825e-01, -1.355624168374538e-01, 1.716365127782215e-02, 0.000000000000000e+00, 0.000000000000000e+00, 3.650051736433939e-03
20, 8.940600156780000e-01, -1.988103354206930e-02, 6.886624661421900e-02, -1.127358820476376e-01, -1.356762474127101e-01, 1.803111728904905e-02, 0.000000000000000e+00, 0.000000000000000e+00, 2.884781447383423e-03
21, 8.841500282290000e-01, -2.127896695544783e-02, 7.527588058877310e-02, -1.197938418770795e-01, -1.356684212538716e-01, 1.962092088608353e-02, 0.000000000000000e+00, 0.000000000000000e+00, 2.239925974139398e-03
22, 8.738499879840000e-01, -2.271872814055018e-02, 8.313493623384896e-02, -1.286288305819818e-01, -1.349836341319944e-01, 2.159552470204014e-02, 0.000000000000000e+00, 0.000000000000000e+00, 1.804797933370322e-03
23, 8.631799817090000e-01, -2.418816486824180e-02, 9.153191239674253e-02, -1.381303701213354e-01, -1.336054952551876e-01, 2.369506950912740e-02, 0.000000000000000e+00, 0.000000000000000e+00, 1.504184547873640e-03
24, 8.521599769590000e-01, -2.567666966974382e-02, 9.974620899152155e-02, -1.474536781978357e-01, -1.316126841705836e-01, 2.576316028505162e-02, 0.000000000000000e+00, 0.000000000000000e+00, 1.384866070176201e-03
25, 8.407700061800000e-01, -2.718134121977303e-02, 1.076147938681273e-01, -1.563603247568703e-01, -1.292982286735329e-01, 2.772437128234764e-02, 0.000000000000000e+00, 0.000000000000000e+00, 1.323683063266867e-03
26, 8.290500044819999e-01, -2.869345282018877e-02, 1.150167508925801e-01, -1.647162053988589e-01, -1.267896090657051e-01, 2.958544088384180e-02, 0.000000000000000e+00, 0.000000000000000e+00, 1.315338109211091e-03
27, 8.170099854470000e-01, -3.020986617453764e-02, 1.221250661132941e-01, -1.726980789642555e-01, -1.242413867213445e-01, 3.136569575267666e-02, 0.000000000000000e+00, 0.000000000000000e+00, 1.277910649011615e-03
28, 8.046399950980000e-01, -3.173063496671110e-02, 1.290824977711496e-01, -1.804629935167130e-01, -1.217021827071733e-01, 3.310891712142376e-02, 0.000000000000000e+00, 0.000000000000000e+00, 1.168938400824017e-03
29, 7.919700145720000e-01, -3.325105906638748e-02, 1.360135907207984e-01, -1.881747762802766e-01, -1.191641776873529e-01, 3.485172157681923e-02, 0.000000000000000e+00, 0.000000000000000e+00, 1.004974956882064e-03
30, 7.790099978450000e-01, -3.476888293133563e-02, 1.430621930105367e-01, -1.959723924377606e-01, -1.166577932475424e-01, 3.661117014963031e-02, 0.000000000000000e+00, 0.000000000000000e+00, 8.316785275372428e-04
31, 7.657799720760000e-01, -3.628047855362050e-02, 1.501935958660691e-01, -2.038433242280403e-01, -1.141102609713140e-01, 3.840329190256675e-02, 0.000000000000000e+00, 0.000000000000000e+00, 7.734830730502557e-04
32, 7.522799968720000e-01, -3.778428840116847e-02, 1.574718622532163e-01, -2.118451317585475e-01, -1.115420280037434e-01, 4.022448389052329e-02, 0.000000000000000e+00, 0.000000000000000e+00, 7.747042981208572e-04
33, 7.385200262070000e-01, -3.927739526880018e-02, 1.647776667631202e-01, -2.198591381531380e-01, -1.088791658605896e-01, 4.207183613082150e-02, 0.000000000000000e+00, 0.000000000000000e+00, 8.011761122354566e-04
34, 7.245299816130000e-01, -4.075468443770258e-02, 1.721511655462716e-01, -2.279198128977623e-01, -1.061447495594597e-01, 4.392647705574442e-02, 0.000000000000000e+00, 0.000000000000000e+00, 7.428850391164053e-04
35, 7.103199958800001e-01, -4.221322321740365e-02, 1.795067271615953e-01, -2.359395359696052e-01, -1.032899163349050e-01, 4.578714210124019e-02, 0.000000000000000e+00, 0.000000000000000e+00, 6.296479055592307e-04
36, 6.958900094030001e-01, -4.365107468095756e-02, 1.869196969796939e-01, -2.439947111335858e-01, -1.003516426301517e-01, 4.765262331838296e-02, 0.000000000000000e+00, 0.000000000000000e+00, 3.989792014614736e-04
37, 6.812700033190000e-01, -4.506334676456579e-02, 1.943650815876439e-01, -2.520653481676192e-01, -9.729047982941572e-02, 4.953351042021802e-02, 0.000000000000000e+00, 0.000000000000000e+00, 1.737590267994253e-04
38, 6.664699912070000e-01, -4.644727122910917e-02, 2.018728487386735e-01, -2.601791752369966e-01, -9.413923228849454e-02, 5.142228295470579e-02, 0.000000000000000e+00, 0.000000000000000e+00, 1.071272939490926e-04
39, 6.514999866490000e-01, -4.780013336392862e-02, 2.093447813935490e-01, -2.682324934976671e-01, -9.086058248821884e-02, 5.330967495352916e-02, 0.000000000000000e+00, 0.000000000000000e+00, 1.820810907032232e-04
40, 6.363800168040000e-01, -4.911841804733991e-02, 2.167877467985153e-01, -2.762319682710022e-01, -8.748225455108921e-02, 5.518287479146061e-02, 0.000000000000000e+00, 0.000000000000000e+00, -1.693431883529947e-04
41, 6.211299896240000e-01, -5.039880585925809e-02, 2.240956870914103e-01, -2.840682311186098e-01, -8.396329495236692e-02, 5.703009137025982e-02, 0.000000000000000e+00, 0.000000000000000e+00, -1.607379547627966e-03
42, 6.057599782940000e-01, -5.163893952196177e-02, 2.312335281584887e-01, -2.917035672145558e-01, -8.032785365802945e-02, 5.882592442716022e-02, 0.000000000000000e+00, 0.000000000000000e+00, -3.666284925118102e-03
43, 5.902799963950000e-01, -5.283651744286848e-02, 2.380414531474482e-01, -2.989771658507451e-01, -7.653209322897755e-02, 6.054407052643299e-02, 0.000000000000000e+00, 0.000000000000000e+00, -4.150911055083636e-03
44, 5.747100114820000e-01, -5.398855962694660e-02, 2.444780578218375e-01, -3.058459738471241e-01, -7.261157438127484e-02, 6.215829109202960e-02, 0.000000000000000e+00, 0.000000000000000e+00, -2.425918466183481e-03
45, 5.590599775310000e-01, -5.509294228958472e-02, 2.503571155027419e-01, -3.121108580787765e-01, -6.852530370052932e-02, 6.363783391942120e-02, 0.000000000000000e+00, 0.000000000000000e+00, -4.764816282877426e-03
46, 5.433599948880000e-01, -5.614624350351877e-02, 2.553864918367134e-01, -3.174868610945620e-01, -6.426430706025468e-02, 6.490494029166805e-02, 0.000000000000000e+00, 0.000000000000000e+00, -2.194780162869409e-02
47, 5.276100039480000e-01, -5.714719402016574e-02, 2.589897877622507e-01, -3.213883054898052e-01, -5.976808782397788e-02, 6.582309957708850e-02, 0.000000000000000e+00, 0.000000000000000e+00, -5.070346443236658e-02
48, 5.118399858470000e-01, -5.809262574024595e-02, 2.610993593881762e-01, -3.237174848796310e-01, -5.507481395527115e-02, 6.635053562636610e-02, 0.000000000000000e+00, 0.000000000000000e+00, -4.599424900562748e-02
49, 4.960500001910000e-01, -5.898126702865521e-02, 2.631124436504454e-01, -3.259665603264230e-01, -5.031757555314584e-02, 6.683534683691775e-02, 0.000000000000000e+00, 0.000000000000000e+00, 5.934096525185841e-02
50, 4.802699983120000e-01, -5.981014473543151e-02, 2.678108506827563e-01, -3.311024349754085e-01, -4.571285535195057e-02, 6.794690286036482e-02, 0.000000000000000e+00, 0.000000000000000e+00, 2.473000161095248e-01
51, 4.645099937920000e-01, -6.057746702028845e-02, 2.766989195719082e-01, -3.400234408980843e-01, -4.165769232298844e-02, 7.027825300590677e-02, 0.000000000000000e+00, 0.000000000000000e+00, 2.632116452742297e-01
52, 4.487800002100000e-01, -6.128137536596371e-02, 2.878962040532705e-01, -3.507338208695335e-01, -3.673377207982806e-02, 7.328286000689063e-02, 0.000000000000000e+00, 0.000000000000000e+00, 7.551649521797128e-02
53, 4.331099987030000e-01, -6.191915721415878e-02, 2.980174297625924e-01, -3.602550094677776e-01, -3.076464071149440e-02, 7.587293949307659e-02, 0.000000000000000e+00, 0.000000000000000e+00, -3.078829517514270e-02
54, 4.174999892710000e-01, -6.248937218992577e-02, 3.060165523744334e-01, -3.677423257350783e-01, -2.489122303165203e-02, 7.780535138807636e-02, 0.000000000000000e+00, 0.000000000000000e+00, -3.937570823886230e-02
55, 4.019699990750000e-01, -6.298970910159454e-02, 3.130605284019451e-01, -3.743619226757346e-01, -1.933526009530183e-02, 7.952623443881662e-02, 0.000000000000000e+00, 0.000000000000000e+00, -2.195260004868776e-02
56, 3.865399956700000e-01, -6.341792697206548e-02, 3.203658232884590e-01, -3.812694709246124e-01, -1.358025038657371e-02, 8.139584470768646e-02, 0.000000000000000e+00, 0.000000000000000e+00, -1.589923546199230e-02
57, 3.712300062180000e-01, -6.377185938644445e-02, 3.287845940602494e-01, -3.892395330686410e-01, -7.352582722158930e-03, 8.357941706475998e-02, 0.000000000000000e+00, 0.000000000000000e+00, -2.025778281437480e-02
58, 3.560400009160000e-01, -6.404974718395488e-02, 3.391269938891532e-01, -3.989983558848146e-01, -7.134512098293394e-04, 8.624468036463499e-02, 0.000000000000000e+00, 0.000000000000000e+00, -2.687055850669633e-02
59, 3.409900069240000e-01, -6.424931340813601e-02, 3.520101321579119e-01, -4.111434395559626e-01, 6.330339063817130e-03, 8.955196794463077e-02, 0.000000000000000e+00, 0.000000000000000e+00, -3.330723462512744e-02
60, 3.261100053790000e-01, -6.436833281718718e-02, 3.680692515510270e-01, -4.262645668410953e-01, 1.376714310591170e-02, 9.365721496132479e-02, 0.000000000000000e+00, 0.000000000000000e+00, -4.034465814671997e-02
61, 3.113999962810000e-01, -6.440492384613103e-02, 3.878957756533808e-01, -4.449415331493101e-01, 2.174613026596773e-02, 9.873458362241853e-02, 0.000000000000000e+00, 0.000000000000000e+00, -4.886155662781104e-02
62, 2.968699932100000e-01, -6.435697079820644e-02, 4.124778583656572e-01, -4.680988332412286e-01, 3.033758381800649e-02, 1.050130754288839e-01, 0.000000000000000e+00, 0.000000000000000e+00, -5.932025281337387e-02
63, 2.825500071050000e-01, -6.422253860376695e-02, 4.427825922617062e-01, -4.966820824937178e-01, 3.975314555763586e-02, 1.127645179696436e-01, 0.000000000000000e+00, 0.000000000000000e+00, -7.182585453063400e-02
64, 2.684499919410000e-01, -6.399977108721157e-02, 4.800194740937643e-01, -5.318296737067841e-01, 5.015534787913786e-02, 1.222620192457099e-01, 0.000000000000000e+00, 0.000000000000000e+00, -8.648788545342941e-02
65, 2.545700073240000e-01, -6.368653837976307e-02, 5.251552938905014e-01, -5.744963136109402e-01, 6.180558894212781e-02, 1.337837260883264e-01, 0.000000000000000e+00, 0.000000000000000e+00, -1.033952786825167e-01
66, 2.409400045870000e-01, -6.328141502759514e-02, 5.795371718180524e-01, -6.259662626459850e-01, 7.499611303696203e-02, 1.476281394063019e-01, 0.000000000000000e+00, 0.000000000000000e+00, -1.225729199016254e-01
67, 2.275699973110000e-01, -6.278275794364423e-02, 6.445497514623977e-01, -6.875829151809039e-01, 9.020271324511943e-02, 1.641425650643925e-01, 0.000000000000000e+00, 0.000000000000000e+00, -1.423483015493871e-01
68, 2.144699990750000e-01, -6.218897055221990e-02, 7.200045564967520e-01, -7.590844358546930e-01, 1.082979641493997e-01, 1.831346175176426e-01, 0.000000000000000e+00, 0.000000000000000e+00, -1.544120914896336e-01
69, 2.016600072380000e-01, -6.149909828637637e-02, 7.980077719206715e-01, -8.328003227266554e-01, 1.298545358422018e-01, 2.024620202645617e-01, 0.000000000000000e+00, 0.000000000000000e+00, -1.395841504448704e-01
70, 1.891400069000000e-01, -6.071127809449153e-02, 8.559896907088492e-01, -8.869279670884226e-01, 1.537100399237666e-01, 2.162894843048022e-01, 0.000000000000000e+00, 0.000000000000000e+00, -7.470967879170329e-02
71, 1.769299954180000e-01, -5.982492045178613e-02, 8.586714917599739e-01, -8.875904347641019e-01, 1.753578740119228e-01, 2.159951127744516e-01, 0.000000000000000e+00, 0.000000000000000e+00, 4.427650443841030e-02
72, 1.650400012730000e-01, -5.883907500594204e-02, 7.789910732651830e-01, -8.086712437895374e-01, 1.883206122748662e-01, 1.951962950166671e-01, 0.000000000000000e+00, 0.000000000000000e+00, 1.773113658317543e-01
73, 1.534900069240000e-01, -5.775393083577744e-02, 6.278064702061195e-01, -6.604734448376426e-01, 1.896674061608796e-01, 1.572381406714229e-01, 0.000000000000000e+00, 0.000000000000000e+00, 2.496895217813969e-01
74, 1.422899961470000e-01, -5.656920416328148e-02, 4.630426048802329e-01, -4.985996249227018e-01, 1.855627596712671e-01, 1.166191982996465e-01, 0.000000000000000e+00, 0.000000000000000e+00, 2.089279835190488e-01
75, 1.314399987460000e-01, -5.528358886351718e-02, 3.545343294942981e-01, -3.905316568184114e-01, 1.884003017668300e-01, 9.025141872682482e-02, 0.000000000000000e+00, 0.000000000000000e+00, 8.232837356185488e-02
76, 1.209499984980000e-01, -5.389684533182147e-02, 3.291048343543860e-01, -3.625695770217507e-01, 2.062869432203102e-01, 8.423811046034479e-02, 0.000000000000000e+00, 0.000000000000000e+00, -3.689428351153353e-02
77, 1.108499988910000e-01, -5.241203344484389e-02, 3.532381014285492e-01, -3.825388637421435e-01, 2.352031950775792e-01, 9.004276063980197e-02, 0.000000000000000e+00, 0.000000000000000e+00, -7.466595676361405e-02
78, 1.011300012470000e-01, -5.082690055500530e-02, 3.714369427487767e-01, -3.964232584550827e-01, 2.637391594158751e-01, 9.414838778491172e-02, 0.000000000000000e+00, 0.000000000000000e+00, -3.913326071952092e-02
79, 9.181000292300000e-02, -4.914383743827755e-02, 3.571986165570323e-01, -3.778614548273189e-01, 2.851939641948292e-01, 9.028401083901984e-02, 0.000000000000000e+00, 0.000000000000000e+00, 7.424049689845976e-03
80, 8.290000259900000e-02, -4.736419842928904e-02, 3.218798550896877e-01, -3.373916415230662e-01, 3.024112909361302e-01, 8.135831279730130e-02, 0.000000000000000e+00, 0.000000000000000e+00, 2.359993187163836e-02
81, 7.440000027400000e-02, -4.548742729184906e-02, 2.854730642494299e-01, -2.944309886749947e-01, 3.211127390239972e-01, 7.223866227564663e-02, 0.000000000000000e+00, 0.000000000000000e+00, 1.696998553928558e-02
82, 6.633000075800000e-02, -4.351760292360497e-02, 2.536100781593620e-01, -2.545327357800922e-01, 3.428749762968354e-01, 6.426157252216952e-02, 0.000000000000000e+00, 0.000000000000000e+00, 1.118138077822268e-02
83, 5.869000032500000e-02, -4.145462651802440e-02, 2.214162449037584e-01, -2.127170195583856e-01, 3.656554300401204e-01, 5.618892349418632e-02, 0.000000000000000e+00, 0.000000000000000e+00, 1.374853679761394e-02
84, 5.149000138000000e-02, -3.930101674072698e-02, 1.853998116269374e-01, -1.651387471458129e-01, 3.879692409101424e-01, 4.717297043412402e-02, 0.000000000000000e+00, 0.000000000000000e+00, 1.878820823783663e-02
85, 4.473999887700000e-02, -3.705993769477416e-02, 1.458777475865817e-01, -1.116138269234984e-01, 4.098387355126236e-01, 3.729193313431504e-02, 0.000000000000000e+00, 0.000000000000000e+00, 2.261878468504553e-02
86, 3.844000026600000e-02, -3.473149750100451e-02, 1.033642314900936e-01, -5.216401831566340e-02, 4.311694094695354e-01, 2.670950824255490e-02, 0.000000000000000e+00, 0.000000000000000e+00, 2.641633762182439e-02
87, 3.260000050100000e-02, -3.231944444158344e-02, 5.761525494377787e-02, 1.404530320869068e-02, 4.511814169359686e-01, 1.536748839966730e-02, 0.000000000000000e+00, 0.000000000000000e+00, 3.118351482755046e-02
88, 2.723000012300000e-02, -2.982864410937760e-02, 8.145719549465165e-03, 8.823841132258764e-02, 4.686274270949610e-01, 3.169316625660237e-03, 0.000000000000000e+00, 0.000000000000000e+00, 3.655586761685715e-02
89, 2.232000045500000e-02, -2.725440445984188e-02, -4.502770416591041e-02, 1.712217670591427e-01, 4.819627185239947e-01, -9.917552337284944e-03, 0.000000000000000e+00, 0.000000000000000e+00, 4.214794941729574e-02
90, 1.789999939500000e-02, -2.461362231015378e-02, -1.019394078052569e-01, 2.639873386996365e-01, 4.889606344396516e-01, -2.376076973942288e-02, 0.000000000000000e+00, 0.000000000000000e+00, 4.738699508265552e-02
91, 1.394999958600000e-02, -2.189574874841878e-02, -1.618890674065908e-01, 3.664078059181995e-01, 4.862667496090241e-01, -3.836399690241920e-02, 0.000000000000000e+00, 0.000000000000000e+00, 5.111181309221641e-02
92, 1.049000024800000e-02, -1.911545441153948e-02, -2.243058163252267e-01, 4.789867191870182e-01, 4.697431525180212e-01, -5.328685543364920e-02, 0.000000000000000e+00, 0.000000000000000e+00, 5.207208083180375e-02
93, 7.519999985000000e-03, -1.627645026472714e-02, -2.861816478688798e-01, 5.974053437551596e-01, 4.344497994259951e-01, -6.807879225858221e-02, 0.000000000000000e+00, 0.000000000000000e+00, 4.717504389030845e-02
94, 5.040000193000000e-03, -1.338257270177922e-02, -3.454445685846052e-01, 7.187138206847574e-01, 3.745823738806479e-01, -8.172967198542272e-02, 0.000000000000000e+00, 0.000000000000000e+00, 3.514821034831868e-02
95, 3.049999941000000e-03, -1.043720750041733e-02, -3.944715187105163e-01, 8.319294052984140e-01, 2.847838521738021e-01, -9.344174747463492e-02, 0.000000000000000e+00, 0.000000000000000e+00, 1.892463272203839e-02
96, 1.560000004000000e-03, -7.464594070686240e-03, -4.317802299809821e-01, 9.272566979095240e-01, 1.623401119709963e-01, -1.006943383121370e-01, 0.000000000000000e+00, 0.000000000000000e+00, 2.370732150712734e-03
97, 5.600000150000000e-04, -4.453497484458659e-03, -4.545053831704337e-01, 9.876062633790476e-01, 3.019936597451213e-02, -1.005762862937169e-01, 0.000000000000000e+00, 0.000000000000000e+00, -2.748260567452247e-04
98, 5.999999800000000e-05, -1.436600529755202e-03, -4.462647234364734e-01, 1.008615632377572e+00, -9.625953281042374e-02, -9.706115134335415e-02, 0.000000000000000e+00, 0.000000000000000e+00, 1.735142487905646e-02
99, 0.000000000000000e+00, 0.000000000000000e+00, -4.207302016167224e-01, 9.939420018867146e-01, -1.739136935781959e-01, -9.375424798171170e-02, 0.000000000000000e+00, 0.000000000000000e+00, 2.393791262325174e-02
100, 5.999999800000000e-05, 1.339825736531876e-03, -3.902000994762116e-01, 9.493712308144550e-01, -2.518043394779027e-01, -8.774657756570628e-02, 0.000000000000000e+00, 0.000000000000000e+00, 5.841045594743031e-02
101, 5.600000150000000e-04, 3.937011358006047e-03, -3.187070614256780e-01, 8.541591617889736e-01, -3.970815843260685e-01, -6.859036066540077e-02, 0.000000000000000e+00, 0.000000000000000e+00, 1.303600815637914e-01
102, 1.560000004000000e-03, 6.338849250428730e-03, -1.896399349876317e-01, 6.643715106729914e-01, -5.559963312794440e-01, -3.400090466377028e-02, 0.000000000000000e+00, 0.000000000000000e+00, 2.212520187179335e-01
103, 3.049999941000000e-03, 8.558372487490603e-03, -3.999830025594168e-02, 4.467294613899476e-01, -6.376430512434766e-01, 2.138220823150217e-03, 0.000000000000000e+00, 0.000000000000000e+00, 1.986763319632676e-01
104, 5.040000193000000e-03, 1.062478307041681e-02, 5.396091104363579e-02, 2.639589755247063e-01, -5.961841250188435e-01, 2.169152631406946e-02, 0.000000000000000e+00, 0.000000000000000e+00, 1.590937676746938e-01
105, 7.519999985000000e-03, 1.253558911820073e-02, 2.250279859696900e-01, 3.356803529752345e-02, -5.933891260917885e-01, 6.560609531632539e-02, 0.000000000000000e+00, 0.000000000000000e+00, 4.198115140178229e-01
106, 1.049000024800000e-02, 1.430127537240234e-02, 6.511289421488620e-01, -3.743447065637914e-01, -7.129191447897286e-01, 1.693260762629915e-01, 0.000000000000000e+00, 0.000000000000000e+00, 6.320349792809846e-01
107, 1.394999958600000e-02, 1.593053580420374e-02, 1.043753279466253e+00, -7.432962107384736e-01, -7.472102528268035e-01, 2.620037439160784e-01, 0.000000000000000e+00, 0.000000000000000e+00, 2.904932649054999e-01
108, 1.789999939500000e-02, 1.743140835013900e-02, 1.050262786111648e+00, -7.938667649843700e-01, -6.014844277684253e-01, 2.651911528068077e-01, 0.000000000000000e+00, 0.000000000000000e+00, -2.563471561808052e-01
109, 2.232000045500000e-02, 1.880604493880440e-02, 7.851597418342965e-01, -6.044388405473213e-01, -4.134553354105936e-01, 2.022363554403031e-01, 0.000000000000000e+00, 0.000000000000000e+00, -4.606988994282377e-01
110, 2.723000012300000e-02, 2.006974293626487e-02, 5.340495918480779e-01, -4.077972413591715e-01, -2.893066812078692e-01, 1.391107990987107e-01, 0.000000000000000e+00, 0.000000000000000e+00, -3.526548784822466e-01
111, 3.260000050100000e-02, 2.122378219107889e-02, 3.868772384065922e-01, -2.892771907594365e-01, -2.208667978331819e-01, 1.003223127444294e-01, 0.000000000000000e+00, 0.000000000000000e+00, -2.063158067239760e-01
112, 3.844000026600000e-02, 2.228000793670721e-02, 3.003434430122229e-01, -2.196944761698545e-01, -1.748446269184168e-01, 7.734289897599463e-02, 0.000000000000000e+00, 0.000000000000000e+00, -1.279193428640839e-01
113, 4.473999887700000e-02, 2.324559639507362e-02, 2.372768315827721e-01, -1.688448055085790e-01, -1.392950019667162e-01, 6.078674573227401e-02, 0.000000000000000e+00, 0.000000000000000e+00, -9.085819112121316e-02
114, 5.149000138000000e-02, 2.412827760505472e-02, 1.880545677129293e-01, -1.287091538476385e-01, -1.119978003549283e-01, 4.799536976002525e-02, 0.000000000000000e+00, 0.000000000000000e+00, -6.655400121359904e-02
115, 5.869000032500000e-02, 2.493710573433313e-02, 1.495179312774362e-01, -9.697122629967739e-02, -9.073924665996275e-02, 3.801431555429274e-02, 0.000000000000000e+00, 0.000000000000000e+00, -4.888319971733144e-02
116, 6.633000075800000e-02, 2.567978310336781e-02, 1.179476145468860e-01, -7.072522775252033e-02, -7.383616580571185e-02, 2.990891267793149e-02, 0.000000000000000e+00, 0.000000000000000e+00, -3.600468325034663e-02
117, 7.440000027400000e-02, 2.636413255318605e-02, 9.161086927639638e-02, -4.860673778313797e-02, -6.033014635475403e-02, 2.315703521372353e-02, 0.000000000000000e+00, 0.000000000000000e+00, -2.509691172384937e-02
118, 8.290000259900000e-02, 2.699866505459779e-02, 7.001132414022630e-02, -3.029105612560380e-02, -4.967013946382969e-02, 1.762480391015668e-02, 0.000000000000000e+00, 0.000000000000000e+00, -1.483724431368913e-02
119, 9.181000292300000e-02, 2.759021808806424e-02, 5.294659818940473e-02, -1.569709334086420e-02, -4.129724186553616e-02, 1.324701550145925e-02, 0.000000000000000e+00, 0.000000000000000e+00, -6.223393270997142e-03
120, 1.011300012470000e-01, 2.814689148440467e-02, 4.004024448662706e-02, -4.581768156828194e-03, -3.474750700278525e-02, 9.927089156090047e-03, 0.000000000000000e+00, 0.000000000000000e+00, 7.841968395517980e-04
121, 1.108499988910000e-01, 2.867579456584065e-02, 3.089687364576296e-02, 3.336056893764829e-03, -2.962843428635583e-02, 7.571585820133722e-03, 0.000000000000000e+00, 0.000000000000000e+00, 8.847133844579512e-03
122, 1.209499984980000e-01, 2.918327616888368e-02, 2.526773314726888e-02, 8.248821843971745e-03, -2.564279311449021e-02, 6.074195723657686e-03, 0.000000000000000e+00, 0.000000000000000e+00, 1.346779937974777e-02
123, 1.314399987460000e-01, 2.967682346984372e-02, 2.296713435741458e-02, 1.030056976402494e-02, -2.287440258133243e-02, 5.386072436075982e-03, 0.000000000000000e+00, 0.000000000000000e+00, 6.683406246584781e-03
124, 1.422899961470000e-01, 3.016156191688540e-02, 2.429773248949039e-02, 9.155487384471559e-03, -2.150805339889973e-02, 5.628098288799864e-03, 0.000000000000000e+00, 0.000000000000000e+00, 2.515795001012868e-02
125, 1.534900069240000e-01, 3.064315474429711e-02, 2.883888898807996e-02, 5.070051254236348e-03, -2.100723467227278e-02, 6.809450502026084e-03, 0.000000000000000e+00, 0.000000000000000e+00, 1.954905422047109e-01
126, 1.650400012730000e-01, 3.112713022240638e-02, 3.416800048362714e-02, 3.456692703203566e-05, -1.991944263788984e-02, 8.276363774000475e-03, 0.000000000000000e+00, 0.000000000000000e+00, 4.189043331054398e-01
127, 1.769299954180000e-01, 3.161800197881421e-02, 3.718928006378925e-02, -3.225279209224029e-03, -1.938157917384777e-02, 9.010395399363273e-03, 0.000000000000000e+00, 0.000000000000000e+00, 2.235679753137995e-01
128, 1.891400069000000e-01, 3.211926490760480e-02, 3.747571020064708e-02, -3.592069428155122e-03, -1.938146244587960e-02, 9.028701116851109e-03, 0.000000000000000e+00, 0.000000000000000e+00, -4.820652640254101e-03
129, 2.016600072380000e-01, 3.263416148754802e-02, 3.664002485544850e-02, -2.556414706016558e-03, -1.955320596097403e-02, 8.834911424511082e-03, 0.000000000000000e+00, 0.000000000000000e+00, -4.112748818544065e-02
130, 2.144699990750000e-01, 3.316480825503306e-02, 3.627453437270911e-02, -2.066611034174083e-03, -1.988629417517973e-02, 8.743790581685316e-03, 0.000000000000000e+00, 0.000000000000000e+00, -1.899031965752042e-02
131, 2.275699973110000e-01, 3.371339874452997e-02, 3.672383216453234e-02, -2.490917736203030e-03, -2.039218575328675e-02, 8.859834817145501e-03, 0.000000000000000e+00, 0.000000000000000e+00, -5.691212096741705e-03
132, 2.409400045870000e-01, 3.428051233298126e-02, 3.795841646642600e-02, -3.774832173994303e-03, -2.099130068974373e-02, 9.166028195497812e-03, 0.000000000000000e+00, 0.000000000000000e+00, -6.466775446232906e-03
133, 2.545700073240000e-01, 3.486633146064462e-02, 3.999693101488817e-02, -5.941467426604138e-03, -2.162959471701420e-02, 9.674190418309509e-03, 0.000000000000000e+00, 0.000000000000000e+00, -7.998035315725873e-03
134, 2.684499919410000e-01, 3.547020890168590e-02, 4.293851391060759e-02, -9.091870398206038e-03, -2.225402956851922e-02, 1.041170559510242e-02, 0.000000000000000e+00, 0.000000000000000e+00, -6.593272895095198e-03
135, 2.825500071050000e-01, 3.608977094624957e-02, 4.685941965249279e-02, -1.330746761686029e-02, -2.280236927485303e-02, 1.139441506693232e-02, 0.000000000000000e+00, 0.000000000000000e+00, -4.436752973242586e-03
136, 2.968699932100000e-01, 3.672309289226421e-02, 5.174923462655896e-02, -1.856540017007903e-02, -2.323042215770335e-02, 1.262188076030653e-02, 0.000000000000000e+00, 0.000000000000000e+00, -2.943146230378743e-03
137, 3.113999962810000e-01, 3.736697014878534e-02, 5.761609461372666e-02, -2.486826793397262e-02, -2.347520760484702e-02, 1.409439725217737e-02, 0.000000000000000e+00, 0.000000000000000e+00, -2.003086169779816e-03
138, 3.261100053790000e-01, 3.801646723346698e-02, 6.446672426286630e-02, -3.221357431169025e-02, -2.349308308981251e-02, 1.581479203057107e-02, 0.000000000000000e+00, 0.000000000000000e+00, -1.289997269297053e-03
139, 3.409900069240000e-01, 3.866672615563412e-02, 7.229716229539364e-02, -4.058884962170403e-02, -2.322419990032116e-02, 1.778166635156104e-02, 0.000000000000000e+00, 0.000000000000000e+00, -7.851159292939256e-04
140, 3.560400009160000e-01, 3.931253505107260e-02, 8.105747684387142e-02, -4.992395343071282e-02, -2.260252645119580e-02, 1.998001973560747e-02, 0.000000000000000e+00, 0.000000000000000e+00, -3.935973422925651e-04
141, 3.712300062180000e-01, 3.994665280376145e-02, 9.081442538314879e-02, -6.027525167311158e-02, -2.156459057266033e-02, 2.242632577578791e-02, 0.000000000000000e+00, 0.000000000000000e+00, 2.634614574970362e-04
142, 3.865399956700000e-01, 4.056164447156353e-02, 1.018790434700980e-01, -7.195930802341566e-02, -2.011809318519334e-02, 2.519215785377312e-02, 0.000000000000000e+00, 0.000000000000000e+00, 1.382349518149016e-03
143, 4.019699990750000e-01, 4.115028349058496e-02, 1.143793481195859e-01, -8.509241815292685e-02, -1.829436574460757e-02, 2.832048350901813e-02, 0.000000000000000e+00, 0.000000000000000e+00, 1.932965123727802e-03
144, 4.174999892710000e-01, 4.170401714307553e-02, 1.274938977768713e-01, -9.878888095997304e-02, -1.594980726700915e-02, 3.161367458335210e-02, 0.000000000000000e+00, 0.000000000000000e+00, 1.959497479064970e-04
145, 4.331099987030000e-01, 4.221394246275750e-02, 1.396600301417672e-01, -1.114125507168717e-01, -1.273462936081629e-02, 3.468307091309353e-02, 0.000000000000000e+00, 0.000000000000000e+00, -2.875519059225038e-03
146, 4.487800002100000e-01, 4.267094065079549e-02, 1.513168783468227e-01, -1.234264079612593e-01, -8.417140396194399e-03, 3.763208770091266e-02, 0.000000000000000e+00, 0.000000000000000e+00, -1.162889295229386e-03
147, 4.645099937920000e-01, 4.306629131995605e-02, 1.676661353354229e-01, -1.401529995578555e-01, -3.336465861197217e-03, 4.169719326240338e-02, 0.000000000000000e+00, 0.000000000000000e+00, 1.182680620052530e-02
148, 4.802699983120000e-01, 4.339044737575955e-02, 1.960901879976137e-01, -1.690308570515687e-01, 1.745726037760755e-03, 4.869845650346030e-02, 0.000000000000000e+00, 0.000000000000000e+00, 3.334035851530825e-02
149, 4.960500001910000e-01, 4.363454328020525e-02, 2.383693280552544e-01, -2.116736780066902e-01, 6.482641165160602e-03, 5.910722945983263e-02, 0.000000000000000e+00, 0.000000000000000e+00, 4.774387565725489e-02
150, 5.118399858470000e-01, 4.378990556078827e-02, 2.843517139844803e-01, -2.576979591227986e-01, 1.161899753453841e-02, 7.053288443858886e-02, 0.000000000000000e+00, 0.000000000000000e+00, 3.675175613802441e-02
151, 5.276100039480000e-01, 4.384818080217624e-02, 3.151520619187732e-01, -2.881983304524601e-01, 1.852672894945839e-02, 7.832334580459596e-02, 0.000000000000000e+00, 0.000000000000000e+00, -3.569908262688714e-03
152, 5.433599948880000e-01, 4.380184487307964e-02, 3.163040610761477e-01, -2.890746431851351e-01, 2.773242866597015e-02, 7.888818290584330e-02, 0.000000000000000e+00, 0.000000000000000e+00, -5.380115731522096e-02
153, 5.590599775310000e-01, 4.364416860660594e-02, 2.902276409695978e-01, -2.630458775011828e-01, 3.819067877870314e-02, 7.264092299016629e-02, 0.000000000000000e+00, 0.000000000000000e+00, -8.471411820339159e-02
154, 5.747100114820000e-01, 4.336919059322258e-02, 2.528633206924683e-01, -2.260032173076515e-01, 4.836035817159601e-02, 6.338404790917264e-02, 0.000000000000000e+00, 0.000000000000000e+00, -8.018737318895212e-02
155, 5.902799963950000e-01, 4.297250148425766e-02, 2.192147800620209e-01, -1.926024045278701e-01, 5.761463355235837e-02, 5.491942341970531e-02, 0.000000000000000e+00, 0.000000000000000e+00, -4.408645322328615e-02
156, 6.057599782940000e-01, 4.245070392888906e-02, 1.950129252081897e-01, -1.682333475888280e-01, 6.647048379917046e-02, 4.873100536148094e-02, 0.000000000000000e+00, 0.000000000000000e+00, 6.424528229049559e-03
157, 6.211299896240000e-01, 4.180212837508660e-02, 1.778757071818640e-01, -1.504644447356511e-01, 7.535353418652692e-02, 4.429939867097025e-02, 0.000000000000000e+00, 0.000000000000000e+00, 4.370076819666183e-02
158, 6.363800168040000e-01, 4.102627592131328e-02, 1.633603253990728e-01, -1.348852182424613e-01, 8.432351074170877e-02, 4.056153261602335e-02, 0.000000000000000e+00, 0.000000000000000e+00, 4.318230101125896e-02
159, 6.514999866490000e-01, 4.012412041554022e-02, 1.481739058203266e-01, -1.182736412058249e-01, 9.314669039635232e-02, 3.668653737725555e-02, 0.000000000000000e+00, 0.000000000000000e+00, 1.674577167981239e-02
160, 6.664699912070000e-01, 3.909888708072136e-02, 1.308023810658558e-01, -9.911244366042557e-02, 1.015729348201166e-01, 3.229665856217172e-02, 0.000000000000000e+00, 0.000000000000000e+00, -3.504230845635649e-03
161, 6.812700033190000e-01, 3.795572610484358e-02, 1.114495745670099e-01, -7.769818412061857e-02, 1.094546733361417e-01, 2.740924405591604e-02, 0.000000000000000e+00, 0.000000000000000e+00, -7.216701963276204e-03
162, 6.958900094030001e-01, 3.670079525849711e-02, 9.085542635450658e-02, -5.474540672615470e-02, 1.165612742060359e-01, 2.222325343698080e-02, 0.000000000000000e+00, 0.000000000000000e+00, -3.294355024066647e-03
163, 7.103199958800001e-01, 3.534177377905754e-02, 6.990904739479990e-02, -3.114277697595071e-02, 1.229174319432204e-01, 1.692010237788458e-02, 0.000000000000000e+00, 0.000000000000000e+00, -1.013602881651194e-03
164, 7.245299816130000e-01, 3.388990778027154e-02, 4.878679580324961e-02, -7.042479049730000e-03, 1.283711891786453e-01, 1.158431907124022e-02, 0.000000000000000e+00, 0.000000000000000e+00, -1.715124989020657e-03
165, 7.385200262070000e-01, 3.235496763687930e-02, 2.781269688516734e-02, 1.718104588302862e-02, 1.329976944280879e-01, 6.265075716051619e-03, 0.000000000000000e+00, 0.000000000000000e+00, -2.723695166049517e-03
166, 7.522799968720000e-01, 3.074882181349617e-02, 7.035506550338176e-03, 4.146623053262070e-02, 1.366542154717193e-01, 1.015079696067896e-03, 0.000000000000000e+00, 0.000000000000000e+00, -2.675867712684926e-03
167, 7.657799720760000e-01, 2.908684926371875e-02, -1.317683124006292e-02, 6.539155125197035e-02, 1.394610715852286e-01, -4.111698340450679e-03, 0.000000000000000e+00, 0.000000000000000e+00, -2.346982652178940e-03
168, 7.790099978450000e-01, 2.738305597622421e-02, -3.283200774164382e-02, 8.894970431787658e-02, 1.412902128420914e-01, -9.086716152561233e-03, 0.000000000000000e+00, 0.000000000000000e+00, -2.096507185330373e-03
169, 7.919700145720000e-01, 2.565062938307839e-02, -5.170143296701744e-02, 1.118591539462555e-01, 1.422840713157827e-01, -1.388428897179936e-02, 0.000000000000000e+00, 0.000000000000000e+00, -2.008629126692884e-03
170, 8.046399950980000e-01, 2.390567621881595e-02, -6.985826415146940e-02, 1.341809451157637e-01, 1.423448374168533e-01, -1.848853794374591e-02, 0.000000000000000e+00, 0.000000000000000e+00, -1.870405637858381e-03
171, 8.170099854470000e-01, 2.216300754479921e-02, -8.709487391759956e-02, 1.556494288847857e-01, 1.416440799118858e-01, -2.287803397329927e-02, 0.000000000000000e+00, 0.000000000000000e+00, -1.760994050221259e-03
172, 8.290500044819999e-01, 2.043988861371661e-02, -1.034461376941704e-01, 1.762805076132952e-01, 1.401504009906910e-01, -2.702448160761135e-02, 0.000000000000000e+00, 0.000000000000000e+00, -1.634960281117552e-03
173, 8.407700061800000e-01, 1.874689618076796e-02, -1.187159864124244e-01, 1.958434456345512e-01, 1.380840567245255e-01, -3.093175080740843e-02, 0.000000000000000e+00, 0.000000000000000e+00, -1.541382872634221e-03
174, 8.521599769590000e-01, 1.709570431039341e-02, -1.330669144913225e-01, 2.144554293141906e-01, 1.354753919646591e-01, -3.456107824761481e-02, 0.000000000000000e+00, 0.000000000000000e+00, -1.406030988504026e-03
175, 8.631799817090000e-01, 1.549979848713641e-02, -1.463178667882820e-01, 2.319706072268248e-01, 1.326431318929391e-01, -3.795529844839937e-02, 0.000000000000000e+00, 0.000000000000000e+00, -1.418305492049348e-03
176, 8.738499879840000e-01, 1.396069849532912e-02, -1.587863341245337e-01, 2.487360698520189e-01, 1.296990469790687e-01, -4.113772987731078e-02, 0.000000000000000e+00, 0.000000000000000e+00, -1.534768990003866e-03
177, 8.841500282290000e-01, 1.248217284402340e-02, -1.707435701346794e-01, 2.651235716198442e-01, 1.268379897311867e-01, -4.420046441671524e-02, 0.000000000000000e+00, 0.000000000000000e+00, -1.787829732872135e-03
178, 8.940600156780000e-01, 1.106516454488392e-02, -1.826516455223640e-01, 2.817332939164500e-01, 1.241225668229028e-01, -4.724838720006497e-02, 0.000000000000000e+00, 0.000000000000000e+00, -2.174745374641095e-03
179, 9.035800099370001e-01, 9.707086141390653e-03, -1.950188917005064e-01, 2.992352066801047e-01, 1.213827527672816e-01, -5.043525607395683e-02, 0.000000000000000e+00, 0.000000000000000e+00, -2.600653557604149e-03
180, 9.126999974250000e-01, 8.409815504915862e-03, -2.083213170171215e-01, 3.182430674038965e-01, 1.181268777221571e-01, -5.385440397610857e-02, 0.000000000000000e+00, 0.000000000000000e+00, -2.859196856243476e-03
181, 9.214000105860000e-01, 7.183996009285212e-03, -2.225432429851289e-01, 3.387302806316952e-01, 1.136595695008184e-01, -5.753854218328245e-02, 0.000000000000000e+00, 0.000000000000000e+00, -2.824024418489496e-03
182, 9.296900033950000e-01, 6.046595624117853e-03, -2.372772365396678e-01, 3.601126377443966e-01, 1.071266592208309e-01, -6.134173462221519e-02, 0.000000000000000e+00, 0.000000000000000e+00, -2.338075391700123e-03
183, 9.375399947170000e-01, 5.030048800610041e-03, -2.513121087634376e-01, 3.807480475001028e-01, 9.804544196739851e-02, -6.499918016070330e-02, 0.000000000000000e+00, 0.000000000000000e+00, -1.601768733642084e-03
184, 9.449599981310000e-01, 4.165220447661693e-03, -2.633239511977853e-01, 3.987963677076187e-01, 8.642508395143866e-02, -6.814356437118754e-02, 0.000000000000000e+00, 0.000000000000000e+00, -9.057436655107869e-04
185, 9.519400000570000e-01, 3.478259852019180e-03, -2.718706222782619e-01, 4.123278077533174e-01, 7.319503927020375e-02, -7.044520951016559e-02, 0.000000000000000e+00, 0.000000000000000e+00, -7.029967422006117e-04
186, 9.584699869160000e-01, 2.974800299670055e-03, -2.761253465424945e-01, 4.202816745126476e-01, 5.998287035500776e-02, -7.168525684041606e-02, 0.000000000000000e+00, 0.000000000000000e+00, -1.233694704546746e-03
187, 9.645400047300000e-01, 2.631743304359061e-03, -2.760696394389131e-01, 4.228168333351592e-01, 4.901609424006664e-02, -7.188437088002371e-02, 0.000000000000000e+00, 0.000000000000000e+00, -2.605196437507996e-03
188, 9.701499938960000e-01, 2.399139368899643e-03, -2.730468301632791e-01, 4.220436771460741e-01, 4.248764082348220e-02, -7.139284846097670e-02, 0.000000000000000e+00, 0.000000000000000e+00, -4.900007585152278e-03
189, 9.752799868580000e-01, 2.214880759552154e-03, -2.698696242845511e-01, 4.220754363047483e-01, 4.188284787388575e-02, -7.095704387671981e-02, 0.000000000000000e+00, 0.000000000000000e+00, -8.626370112016295e-03
190, 9.799500107769999e-01, 2.021348932709307e-03, -2.705808120889319e-01, 4.286048202754232e-01, 4.711895573207309e-02, -7.162893634294276e-02, 0.000000000000000e+00, 0.000000000000000e+00, -1.418233565944845e-02
191, 9.841300249100000e-01, 1.785046675331199e-03, -2.789763708387202e-01, 4.468912918377106e-01, 5.601711638802072e-02, -7.441236687432411e-02, 0.000000000000000e+00, 0.000000000000000e+00, -2.110924643861569e-02
192, 9.878399968150000e-01, 1.498304528430303e-03, -2.970646958554599e-01, 4.796856672144396e-01, 6.495339750517680e-02, -7.982111420303603e-02, 0.000000000000000e+00, 0.000000000000000e+00, -2.821926461690395e-02
193, 9.910500049590000e-01, 1.180640850854677e-03, -3.244158597869363e-01, 5.274057027608450e-01, 7.046334238558523e-02, -8.784805962147250e-02, 0.000000000000000e+00, 0.000000000000000e+00, -3.552092772564695e-02
194, 9.937800168990000e-01, 8.595472169838084e-04, -3.592876354227095e-01, 5.892059727196041e-01, 7.115083179441377e-02, -9.827043303234548e-02, 0.000000000000000e+00, 0.000000000000000e+00, -5.300185926528898e-02
195, 9.960200190539999e-01, 5.656617508218028e-04, -4.062235980247120e-01, 6.760934887915430e-01, 6.589871501454123e-02, -1.141011999810498e-01, 0.000000000000000e+00, 0.000000000000000e+00, -6.933108172769469e-02
196, 9.977599978450000e-01, 3.230092663248119e-04, -4.560674033682555e-01, 7.822329504136554e-01, 4.882870736390852e-02, -1.316636670747199e-01, 0.000000000000000e+00, 0.000000000000000e+00, -6.814726820921034e-02
197, 9.990000128750000e-01, 1.450619758471349e-04, -5.013328008239795e-01, 9.266851560216465e-01, 5.570385421911787e-02, -1.513773724462147e-01, 0.000000000000000e+00, 0.000000000000000e+00, -8.568153821894550e-01
198, 9.997500181200000e-01, 3.632592678951632e-05, -8.580025914403422e-01, 1.743158891994077e+00, 2.602862251014959e-02, -3.700364009308518e-01, 0.000000000000000e+00, 0.000000000000000e+00, 8.961135492235890e-01
199, 1.000000000000000e+00, 0.000000000000000e+00, -3.167094845135642e-01, 6.075915579825062e-01, -1.815967992943559e+00, -1.045061791682728e-01, 0.000000000000000e+00, 0.000000000000000e+00, -5.985448881506750e-03
