"Time_Iter","Outer_Iter","Inner_Iter",   "rms[A_Rho]"   ,   "rms[A_RhoU]"  ,   "rms[A_RhoV]"  ,    "rms[A_E]"    
          0,           0,           0,      -4.309334632,      -4.051271426,      -4.524355141,      -3.991307111
          0,           0,           1,      -3.877430323,      -3.769699434,      -3.747886107,      -4.222569061
          0,           0,           2,       -3.60068115,      -3.505183628,         -3.634381,      -4.075960744
          0,           0,           3,      -3.594318682,      -3.463557366,      -3.715899273,      -4.084061255
          0,           0,           4,      -3.516875605,      -3.344536314,      -3.689945918,      -4.028906604
          0,           0,           5,      -3.533595808,      -3.328939111,      -3.735022383,      -4.030669422
          0,           0,           6,      -3.541299802,      -3.318132306,       -3.75061537,      -3.999663638
          0,           0,           7,      -3.560918368,      -3.322217227,      -3.752327995,      -3.977499384
          0,           0,           8,      -3.587936723,      -3.342426217,      -3.778843709,      -3.999795921
          0,           0,           9,       -3.61542634,      -3.373809534,      -3.806757988,      -4.036158354
          0,           0,          10,      -3.641645305,      -3.412960593,      -3.834503762,      -4.068000454
          0,           0,          11,      -3.665556411,      -3.456402119,      -3.859072528,      -4.098637635
          0,           0,          12,       -3.68465581,      -3.498441197,      -3.873634363,      -4.129235724
          0,           0,          13,      -3.694646479,      -3.526026018,      -3.878559028,      -4.149530081
          0,           0,          14,      -3.690060629,      -3.527554681,      -3.876991727,      -4.152868043
          0,           0,          15,      -3.672021589,      -3.506022521,      -3.872482327,      -4.144093625
          0,           0,          16,      -3.649382469,      -3.475218509,      -3.869838411,      -4.131242487
          0,           0,          17,      -3.630913866,      -3.447401908,      -3.873473722,       -4.12084289
          0,           0,          18,      -3.621886124,      -3.429120931,      -3.885593717,      -4.117617465
          0,           0,          19,      -3.624749725,      -3.422819412,       -3.90532348,      -4.124215356
          0,           0,          20,      -3.639860241,      -3.428717987,      -3.929050247,      -4.141172858
          0,           0,          21,       -3.66573308,      -3.445861095,      -3.952160209,      -4.167384058
          0,           0,          22,      -3.698952956,       -3.47245556,      -3.971555017,       -4.20067923
          0,           0,          23,      -3.731095745,       -3.50354498,       -3.98314449,      -4.233052538
          0,           0,          24,      -3.761195195,      -3.539527125,      -3.988304672,      -4.262918849
          0,           0,          25,      -3.787137359,      -3.577862029,      -4.006573543,      -4.298861053
          0,           0,          26,      -3.811723365,      -3.618375803,      -4.028113322,        -4.3340639
          0,           0,          27,      -3.832800608,      -3.655540383,      -4.054066712,      -4.369496892
          0,           0,          28,      -3.851827503,      -3.684801227,      -4.092261837,      -4.403156503
          0,           0,          29,      -3.872455356,      -3.706880799,      -4.137526032,      -4.435277681
          0,           0,          30,      -3.894910924,       -3.72201026,      -4.184783899,      -4.464240255
          0,           0,          31,      -3.920677071,      -3.733504976,      -4.231955179,      -4.489578694
          0,           0,          32,      -3.951226654,      -3.746288391,      -4.272917947,      -4.512834405
          0,           0,          33,      -3.986822069,      -3.763854232,      -4.303968732,      -4.535976352
          0,           0,          34,      -4.024647266,       -3.78617074,      -4.326031077,       -4.55993679
          0,           0,          35,      -4.061413332,      -3.814532309,       -4.32995007,      -4.573097941
          0,           0,          36,      -4.101629305,      -3.851718389,      -4.351211446,      -4.605750418
          0,           0,          37,      -4.144768905,      -3.898708757,      -4.373857756,      -4.644189955
          0,           0,          38,      -4.183202197,      -3.950210514,      -4.399825461,      -4.689458266
          0,           0,          39,      -4.215145465,      -3.998429428,      -4.440352291,      -4.733998356
          0,           0,          40,      -4.243234728,       -4.03978344,      -4.488284071,      -4.777743541
          0,           0,          41,         -4.266658,      -4.068798563,      -4.539484192,      -4.816115706
          0,           0,          42,      -4.289281335,      -4.085613547,      -4.595845249,      -4.843864751
          0,           0,          43,      -4.316183492,      -4.097307012,      -4.649234227,      -4.863873268
          0,           0,          44,      -4.349988471,      -4.110691785,      -4.691614462,      -4.881578701
          0,           0,          45,      -4.391486051,      -4.129842711,      -4.722629885,      -4.904208776
          0,           0,          46,      -4.430606619,      -4.150663819,       -4.71736493,      -4.899418806
          0,           0,          47,      -4.479284562,      -4.185183307,      -4.728804623,       -4.93176576
          0,           0,          48,      -4.530513149,       -4.22945401,      -4.748484844,      -4.967271733
          0,           0,          49,      -4.580291396,      -4.283703499,      -4.769652289,      -5.012416593
          0,           0,          50,      -4.623730151,      -4.341239632,      -4.802893473,      -5.062176888
          0,           0,          51,      -4.658469067,      -4.395404282,      -4.847921369,      -5.112540207
          0,           0,          52,      -4.683110102,      -4.438338874,      -4.901951744,      -5.159252357
          0,           0,          53,      -4.702962041,      -4.466243079,      -4.963656609,      -5.195977094
          0,           0,          54,      -4.724809374,      -4.483489127,      -5.024865985,      -5.223378018
          0,           0,          55,      -4.752094752,      -4.497261004,      -5.076701474,      -5.245914864
          0,           0,          56,      -4.786491335,      -4.513780155,      -5.115750687,      -5.268512436
          0,           0,          57,      -4.827444013,      -4.535882411,      -5.139288574,      -5.296593829
          0,           0,          58,       -4.86638707,      -4.560740793,      -5.125938529,      -5.298483708
          0,           0,          59,      -4.909918256,       -4.59651429,      -5.136052086,      -5.332248381
          0,           0,          60,      -4.957169961,      -4.642759922,      -5.159396181,      -5.372682485
          0,           0,          61,      -5.006276374,      -4.699367234,      -5.184941955,      -5.422429325
          0,           0,          62,      -5.051792837,      -4.758784585,      -5.222331714,      -5.474459967
          0,           0,          63,      -5.091399325,      -4.815223505,      -5.273278734,      -5.527461592
          0,           0,          64,      -5.123533708,      -4.862787639,      -5.332830798,      -5.578623652
          0,           0,          65,      -5.151555831,      -4.898325377,       -5.39843039,      -5.622481998
          0,           0,          66,      -5.179662241,      -4.924846829,      -5.463892218,      -5.660326258
          0,           0,          67,      -5.209133509,       -4.94707372,      -5.522541787,      -5.694915137
          0,           0,          68,      -5.239458756,      -4.968323982,      -5.565915671,       -5.72581687
          0,           0,          69,      -5.264371154,      -4.987340184,      -5.573752121,      -5.741654361
          0,           0,          70,      -5.283825605,      -5.008307991,       -5.57503457,      -5.760192625
          0,           0,          71,      -5.302785184,      -5.034891039,      -5.581139309,      -5.784956857
          0,           0,          72,      -5.325489939,       -5.07023663,      -5.589085129,      -5.817944674
          0,           0,          73,      -5.350796727,      -5.111549952,      -5.605028127,      -5.858308037
          0,           0,          74,      -5.378393608,      -5.154907989,      -5.634103092,      -5.902235306
          0,           0,          75,      -5.408883132,       -5.19816552,       -5.67588273,       -5.94912084
          0,           0,          76,      -5.442420265,      -5.239669492,      -5.729760156,      -5.997065253
          0,           0,          77,      -5.475715536,       -5.27567694,      -5.784658404,      -6.035163226
          0,           0,          78,      -5.509100815,      -5.308769447,      -5.826163758,      -6.065988426
          0,           0,          79,      -5.541583345,      -5.339886543,      -5.868933188,      -6.099755394
          0,           0,          80,      -5.574785969,       -5.37226008,      -5.904867117,      -6.129082018
          0,           0,          81,      -5.609565737,      -5.409661586,       -5.92485815,      -6.159940677
          0,           0,          82,      -5.641280627,       -5.44927415,      -5.937276591,      -6.192372677
          0,           0,          83,       -5.66669487,      -5.486565937,      -5.948987772,       -6.22355481
          0,           0,          84,      -5.684175174,        -5.5161164,      -5.962443194,      -6.249863381
          0,           0,          85,      -5.694072888,      -5.533264511,      -5.979624342,      -6.268124697
          0,           0,          86,      -5.699601036,      -5.538521746,      -6.000748621,      -6.279660069
          0,           0,          87,      -5.705038626,      -5.537081073,      -6.026175623,      -6.288070452
          0,           0,          88,      -5.714892644,      -5.536095999,      -6.057081071,      -6.299134844
          0,           0,          89,      -5.724781453,      -5.533449443,      -6.084167217,      -6.308093889
          0,           0,          90,      -5.741841414,      -5.540508349,      -6.094705408,      -6.310375253
          0,           0,          91,      -5.763667411,      -5.555404399,      -6.109088058,      -6.326502306
          0,           0,          92,      -5.793135607,      -5.581973419,      -6.118509879,      -6.348770384
          0,           0,          93,      -5.826552301,      -5.618685566,      -6.122491952,      -6.380272608
          0,           0,          94,      -5.857344947,      -5.658900455,      -6.128993068,      -6.412535605
          0,           0,          95,        -5.8815017,      -5.695700691,      -6.137964232,      -6.442276914
          0,           0,          96,      -5.895469685,       -5.71959337,      -6.147981315,        -6.4630028
          0,           0,          97,      -5.898927334,      -5.723334746,      -6.161285539,      -6.468934389
          0,           0,          98,      -5.895818624,       -5.70934458,      -6.176849742,      -6.461840476
          0,           0,          99,      -5.891157026,      -5.686494292,      -6.192886188,      -6.447369137
          0,           0,         100,      -5.889200736,      -5.663566496,      -6.208652693,      -6.431367632
          0,           0,         101,      -5.892952129,      -5.646464446,      -6.223175909,      -6.418857936
          0,           0,         102,       -5.90422713,      -5.638362975,       -6.23567596,      -6.413435393
          0,           0,         103,      -5.924046576,      -5.640795465,      -6.247212057,      -6.418010627
          0,           0,         104,      -5.952893103,      -5.654555136,      -6.264468303,      -6.441560753
          0,           0,         105,      -5.980632709,      -5.672719918,      -6.251524727,      -6.436511929
          0,           0,         106,      -6.016723616,      -5.703842048,      -6.264828746,      -6.468938946
          0,           0,         107,      -6.056377642,      -5.742742381,      -6.284928751,      -6.504270392
          0,           0,         108,      -6.096756146,      -5.790230803,      -6.305237295,      -6.549199604
          0,           0,         109,      -6.131454798,      -5.840498005,      -6.330934963,      -6.599042458
          0,           0,         110,      -6.154608894,      -5.885652132,       -6.36221189,      -6.645478137
          0,           0,         111,      -6.164944423,      -5.917932924,      -6.395968984,       -6.68189699
          0,           0,         112,      -6.165891475,      -5.933039355,      -6.429600683,      -6.703149407
          0,           0,         113,      -6.162987542,      -5.933239893,      -6.460594284,      -6.709404664
          0,           0,         114,      -6.161131681,      -5.925351953,      -6.486869083,      -6.705491209
          0,           0,         115,      -6.163754845,      -5.916468943,      -6.507231763,      -6.697727253
          0,           0,         116,        -6.1729611,      -5.911676634,      -6.521657358,      -6.691641025
          0,           0,         117,      -6.189897414,      -5.913912287,      -6.531706675,      -6.690956275
          0,           0,         118,      -6.215093428,       -5.92463778,      -6.540287367,      -6.697796951
          0,           0,         119,      -6.248679933,      -5.944490727,      -6.550769828,      -6.713414947
          0,           0,         120,      -6.290406202,      -5.973670521,      -6.566526831,      -6.739202534
          0,           0,         121,      -6.338369789,      -6.011493304,       -6.59109267,      -6.779353939
          0,           0,         122,      -6.383327149,      -6.052066039,      -6.594570581,      -6.800036793
          0,           0,         123,      -6.434600837,      -6.102505734,       -6.62333101,      -6.845087901
          0,           0,         124,      -6.484649058,      -6.156953848,       -6.66803491,      -6.895329045
          0,           0,         125,       -6.52890274,      -6.215134068,      -6.712436535,      -6.953911227
          0,           0,         126,       -6.56011383,      -6.269228354,      -6.761951739,      -7.013256269
          0,           0,         127,      -6.575135693,      -6.311233013,      -6.816848301,       -7.06287808
          0,           0,         128,      -6.578666566,      -6.338433931,      -6.869493544,      -7.100650787
          0,           0,         129,      -6.577046346,      -6.352296295,      -6.914569997,      -7.125554976
          0,           0,         130,      -6.575286245,      -6.357403628,      -6.949552193,      -7.138622888
          0,           0,         131,      -6.576872102,      -6.359519512,      -6.972700994,      -7.144067478
          0,           0,         132,      -6.583778166,       -6.36331475,      -6.984995597,      -7.147070596
          0,           0,         133,      -6.596899661,      -6.371658559,      -6.990890214,       -7.15166244
          0,           0,         134,      -6.616552852,      -6.386028776,      -6.995731994,       -7.16030637
          0,           0,         135,      -6.642741935,      -6.407052377,      -7.003507472,      -7.174317208
          0,           0,         136,      -6.675227074,      -6.434832438,      -7.016532807,      -7.194256523
          0,           0,         137,      -6.713472346,       -6.46908721,      -7.035963731,      -7.220158722
          0,           0,         138,      -6.756512779,      -6.509169879,      -7.062231548,      -7.251665142
          0,           0,         139,      -6.802749795,       -6.55399563,      -7.095237802,      -7.288093569
          0,           0,         140,      -6.849720771,      -6.601895269,      -7.134383612,      -7.328444389
          0,           0,         141,      -6.894028619,       -6.65047056,      -7.178519759,      -7.371386047
          0,           0,         142,      -6.931818038,      -6.696652409,      -7.225928051,      -7.415385291
          0,           0,         143,      -6.960135371,      -6.737260282,      -7.274791298,      -7.459731838
          0,           0,         144,      -6.976873339,      -6.768498789,      -7.323780282,      -7.504456167
          0,           0,         145,      -6.982807322,      -6.789156469,      -7.362360438,      -7.535695267
          0,           0,         146,      -6.984141597,      -6.802969997,       -7.39068594,      -7.561444117
          0,           0,         147,      -6.982449112,      -6.810949613,      -7.410151075,      -7.582064911
          0,           0,         148,      -6.980691816,      -6.816595546,       -7.42478631,      -7.600328138
          0,           0,         149,      -6.981898772,      -6.823086433,      -7.433021638,      -7.616621245
          0,           0,         150,      -6.987091771,      -6.832015298,      -7.437397332,      -7.631026137
          0,           0,         151,      -6.996443661,      -6.843949561,      -7.441576908,      -7.644867489
          0,           0,         152,      -7.009717887,      -6.858727946,      -7.446358784,      -7.658482749
          0,           0,         153,      -7.026526204,      -6.875732151,      -7.451978104,      -7.671365212
          0,           0,         154,      -7.046330853,      -6.893950035,      -7.458927241,      -7.682895215
          0,           0,         155,      -7.068387743,      -6.912077689,      -7.467452941,      -7.692670176
          0,           0,         156,      -7.091809159,      -6.928764333,      -7.477618152,       -7.70051778
          0,           0,         157,      -7.115716694,      -6.942997936,      -7.489443666,      -7.706591629
          0,           0,         158,      -7.139407443,      -6.954479887,      -7.502830394,      -7.711530758
          0,           0,         159,      -7.162462668,      -6.963754621,      -7.517530407,      -7.716415967
          0,           0,         160,      -7.184773675,      -6.972032612,      -7.533273726,      -7.722559513
          0,           0,         161,      -7.206495075,      -6.980850083,      -7.549937791,      -7.731334288
          0,           0,         162,      -7.227965209,      -6.991761806,      -7.567759175,       -7.74432301
          0,           0,         163,       -7.24950452,      -7.006070467,      -7.588561537,      -7.765637245
          0,           0,         164,      -7.263793632,       -7.01840401,       -7.59454066,      -7.776746437
          0,           0,         165,      -7.283681304,      -7.040294991,      -7.607806562,      -7.799292634
          0,           0,         166,      -7.301561463,      -7.063965705,      -7.628186725,       -7.82563877
          0,           0,         167,      -7.319662479,      -7.092621377,      -7.644973765,      -7.857306967
          0,           0,         168,      -7.335788827,      -7.123200483,       -7.66176088,      -7.893075102
          0,           0,         169,      -7.348615237,      -7.151676734,      -7.679901511,      -7.924628755
          0,           0,         170,      -7.358353959,      -7.175318562,      -7.697374854,      -7.950324184
          0,           0,         171,      -7.365953953,      -7.191941605,      -7.713069054,      -7.968214155
          0,           0,         172,      -7.372615516,      -7.200653498,      -7.727260539,      -7.976801569
          0,           0,         173,      -7.379741069,       -7.20262696,      -7.740278511,       -7.97716852
          0,           0,         174,      -7.388644169,      -7.200580065,      -7.752024788,      -7.972473814
          0,           0,         175,      -7.400362777,      -7.197615716,      -7.762708427,      -7.966338195
          0,           0,         176,      -7.415661118,      -7.196416062,      -7.773021435,       -7.96180683
          0,           0,         177,      -7.435042894,      -7.198964344,      -7.783766709,      -7.961096126
          0,           0,         178,      -7.458724859,       -7.20656563,      -7.795734868,      -7.965690066
          0,           0,         179,      -7.486596464,      -7.219982223,      -7.809810577,      -7.976565731
          0,           0,         180,      -7.518188738,      -7.239589878,      -7.827121316,      -7.994601458
          0,           0,         181,      -7.552632674,      -7.265498009,      -7.850049356,       -8.02238109
          0,           0,         182,      -7.580421294,      -7.291786553,      -7.869948972,      -8.057007954
          0,           0,         183,      -7.613131057,      -7.326752916,      -7.880368561,      -8.076709541
          0,           0,         184,      -7.639695519,      -7.362322782,       -7.91504877,        -8.1134257
          0,           0,         185,      -7.664444715,      -7.401795121,      -7.944646809,       -8.15518074
          0,           0,         186,      -7.681962764,      -7.440462034,         -7.975736,      -8.202308785
          0,           0,         187,      -7.693176149,      -7.473530281,      -8.009625359,       -8.24239318
          0,           0,         188,      -7.699322323,      -7.498706127,       -8.04097561,      -8.274131245
          0,           0,         189,      -7.703350013,      -7.515472946,      -8.068259866,      -8.296807528
          0,           0,         190,       -7.70753506,      -7.524854284,       -8.09031029,      -8.309821216
          0,           0,         191,      -7.713805925,      -7.529357072,      -8.107570208,      -8.314544685
          0,           0,         192,      -7.723660504,      -7.532171312,      -8.120719583,      -8.314536944
          0,           0,         193,      -7.737936493,       -7.53604044,      -8.130791661,      -8.313672129
          0,           0,         194,      -7.757002009,      -7.542848986,      -8.139827864,      -8.314726798
          0,           0,         195,      -7.780940092,      -7.553764031,      -8.149876858,      -8.319459192
          0,           0,         196,      -7.809588784,       -7.56944842,      -8.162322846,      -8.328982038
          0,           0,         197,      -7.842479329,      -7.590179006,      -8.178072258,      -8.343958265
          0,           0,         198,      -7.878740876,      -7.615913721,      -8.197860504,      -8.364776334
          0,           0,         199,      -7.917005356,      -7.646330042,      -8.222485137,      -8.391950088
          0,           0,         200,      -7.954932903,      -7.680543427,      -8.253652699,      -8.427974147
          0,           0,         201,      -7.984149337,      -7.712850333,      -8.272215378,      -8.456195529
          0,           0,         202,      -8.014358081,      -7.750752005,      -8.299553959,      -8.489186186
          0,           0,         203,      -8.037406372,       -7.78664907,      -8.336974603,      -8.526909667
          0,           0,         204,      -8.054580529,       -7.82220102,      -8.369764974,      -8.567876106
          0,           0,         205,      -8.065191002,      -7.854104987,       -8.40037681,      -8.609335313
          0,           0,         206,      -8.070716561,      -7.879432214,      -8.429460465,      -8.642779385
          0,           0,         207,      -8.073742779,      -7.898121141,      -8.453524722,      -8.668321155
          0,           0,         208,      -8.076736927,      -7.911077204,      -8.471452072,      -8.686685444
          0,           0,         209,      -8.081258943,      -7.919514937,      -8.484193544,      -8.697734332
          0,           0,         210,      -8.088517948,      -7.925191453,      -8.493445844,      -8.702603014
          0,           0,         211,      -8.099261711,      -7.929972854,      -8.500503639,      -8.703873468
          0,           0,         212,      -8.113741366,      -7.935311779,      -8.506736823,      -8.704106184
          0,           0,         213,      -8.131906074,      -7.942172023,      -8.513714371,      -8.705136443
          0,           0,         214,      -8.153528386,      -7.951175144,      -8.522591913,      -8.708250535
          0,           0,         215,      -8.178214407,      -7.962703664,      -8.533945249,      -8.714369688
          0,           0,         216,      -8.205366382,      -7.976941878,      -8.548037526,      -8.724097318
          0,           0,         217,      -8.234165911,      -7.993919697,      -8.565036535,      -8.737783513
          0,           0,         218,      -8.263608373,      -8.013572034,      -8.585057493,      -8.755656826
          0,           0,         219,      -8.292609149,       -8.03580025,      -8.608232312,      -8.778097476
          0,           0,         220,      -8.320189519,      -8.060506191,      -8.635595356,       -8.80716697
          0,           0,         221,      -8.339351706,      -8.082577136,       -8.65943066,      -8.838762353
          0,           0,         222,      -8.359498321,       -8.10977028,       -8.67685182,      -8.860753439
          0,           0,         223,      -8.374347366,      -8.135561331,        -8.7058257,      -8.891424759
          0,           0,         224,      -8.387393977,      -8.162744117,       -8.72935325,      -8.924494576
          0,           0,         225,       -8.39713733,      -8.189288307,      -8.752349598,      -8.960942229
          0,           0,         226,      -8.405257509,      -8.213361238,      -8.774282953,      -8.992682754
          0,           0,         227,      -8.412350821,      -8.233968985,       -8.79317858,      -9.018442156
          0,           0,         228,      -8.419638508,      -8.250608862,      -8.809432614,      -9.038153637
          0,           0,         229,      -8.427989989,      -8.263178956,      -8.822539261,      -9.051229365
          0,           0,         230,      -8.438187298,      -8.272165627,      -8.833519971,      -9.057768584
          0,           0,         231,      -8.450880665,       -8.27868247,      -8.843345572,      -9.059499623
          0,           0,         232,      -8.466420148,      -8.284110519,      -8.852498827,      -9.058976836
          0,           0,         233,      -8.484928037,      -8.289762937,      -8.861864263,       -9.05844026
          0,           0,         234,       -8.50639445,      -8.296787384,      -8.872368752,      -9.059625954
          0,           0,         235,      -8.530689966,      -8.306143438,      -8.884570549,       -9.06388452
          0,           0,         236,      -8.557514467,      -8.318563462,      -8.898808441,      -9.072217108
          0,           0,         237,      -8.586346233,       -8.33454153,      -8.915454905,      -9.085353079
          0,           0,         238,      -8.616432649,      -8.354365532,      -8.935068127,      -9.104034605
          0,           0,         239,       -8.64673619,      -8.378095656,      -8.959110746,      -9.130462409
          0,           0,         240,      -8.669203927,      -8.400398254,      -8.978122451,      -9.160899719
          0,           0,         241,      -8.694563635,      -8.429541868,      -8.990538213,      -9.178542792
          0,           0,         242,      -8.714842178,      -8.458891258,      -9.020388192,      -9.211253329
          0,           0,         243,      -8.733549738,      -8.491272571,      -9.045395913,      -9.247207233
          0,           0,         244,      -8.747254213,      -8.523537869,      -9.070051181,      -9.287742462
          0,           0,         245,      -8.757120898,      -8.552400435,      -9.095520712,      -9.322991935
          0,           0,         246,      -8.763874081,      -8.576172784,      -9.118407141,      -9.351874767
          0,           0,         247,      -8.769429247,      -8.593991375,      -9.138002005,      -9.373730609
          0,           0,         248,      -8.775262164,      -8.605788117,      -9.153736021,      -9.387449478
          0,           0,         249,      -8.782674562,      -8.612598152,      -9.166527628,      -9.393290156
          0,           0,         250,      -8.792719058,      -8.616357779,      -9.177189614,      -9.393614711
          0,           0,         251,      -8.806012424,      -8.619178468,      -9.186330545,       -9.39160883
          0,           0,         252,      -8.822846356,      -8.622843555,      -9.195153605,      -9.389913024
          0,           0,         253,      -8.843307902,      -8.628710746,      -9.204904439,      -9.390450145
          0,           0,         254,      -8.867297431,      -8.637748077,      -9.216401208,      -9.394596628
          0,           0,         255,      -8.894479881,      -8.650566192,      -9.230188066,      -9.403268534
          0,           0,         256,      -8.924236032,      -8.667468459,       -9.24676823,      -9.417029025
          0,           0,         257,      -8.955655328,      -8.688524229,       -9.26668279,      -9.436313448
          0,           0,         258,      -8.987603177,      -8.713647037,       -9.29084591,      -9.462181449
          0,           0,         259,      -9.017157112,      -8.741410185,      -9.323198768,      -9.501786549
          0,           0,         260,      -9.040812738,      -8.769432085,      -9.334101281,      -9.516270155
          0,           0,         261,      -9.062054648,      -8.800648825,      -9.363790503,      -9.552571859
          0,           0,         262,      -9.079573414,      -8.831841805,      -9.392833437,      -9.587699315
          0,           0,         263,      -9.091781014,      -8.862517864,      -9.421453765,      -9.626996704
          0,           0,         264,      -9.101145574,      -8.890909551,      -9.448373431,       -9.66487176
          0,           0,         265,       -9.10772738,      -8.914745933,      -9.472876322,      -9.696103408
          0,           0,         266,      -9.113417409,        -8.9334267,      -9.494839251,      -9.720044625
          0,           0,         267,      -9.119748665,      -8.947282774,      -9.512197459,      -9.736774671
          0,           0,         268,      -9.127910248,       -8.95716433,      -9.525925548,      -9.746291078
          0,           0,         269,      -9.138888481,      -8.964553307,      -9.537465012,      -9.750194978
          0,           0,         270,      -9.153279612,      -8.971151087,      -9.547432147,       -9.75128539
          0,           0,         271,      -9.171322252,      -8.978406464,      -9.556908161,      -9.752072607
          0,           0,         272,      -9.193021966,      -8.987416654,      -9.567202851,      -9.754399982
          0,           0,         273,      -9.218210627,      -8.998991649,      -9.579226461,      -9.759623742
          0,           0,         274,       -9.24651327,      -9.013678033,      -9.593507652,       -9.76870339
          0,           0,         275,      -9.277286979,       -9.03176965,      -9.610449253,      -9.782262624
          0,           0,         276,      -9.309590562,      -9.053345002,      -9.630457189,      -9.800744723
          0,           0,         277,      -9.342209837,      -9.078314437,      -9.654122658,      -9.824879541
          0,           0,         278,      -9.373205296,      -9.106048974,       -9.68367229,      -9.858570156
          0,           0,         279,       -9.39563076,      -9.131634407,      -9.696971491,      -9.877414705
          0,           0,         280,      -9.418650499,      -9.162551162,      -9.722856036,      -9.910572686
          0,           0,         281,      -9.436509874,      -9.192311299,      -9.752876948,      -9.943732542
          0,           0,         282,      -9.450123831,       -9.22259179,      -9.779483693,      -9.980792518
          0,           0,         283,      -9.460098915,      -9.251119263,      -9.804291603,        -10.018362
          0,           0,         284,      -9.466839954,      -9.275343483,      -9.827732596,      -10.04958804
          0,           0,         285,      -9.472139297,      -9.294636717,      -9.848123723,      -10.07412951
          0,           0,         286,      -9.477645847,      -9.309070332,      -9.864148215,      -10.09194043
          0,           0,         287,      -9.484561441,      -9.319131364,      -9.876732704,      -10.10253452
          0,           0,         288,      -9.493874149,      -9.326006816,      -9.887202002,       -10.1069432
          0,           0,         289,      -9.506233904,      -9.331280903,      -9.896245361,      -10.10762545
          0,           0,         290,       -9.52193471,      -9.336446748,      -9.904756432,      -10.10711812
          0,           0,         291,      -9.541035511,      -9.342725365,      -9.913890399,      -10.10743235
          0,           0,         292,      -9.563435026,       -9.35107299,      -9.924546933,      -10.11009417
          0,           0,         293,      -9.588857854,      -9.362188243,      -9.937263285,      -10.11621532
          0,           0,         294,      -9.616807095,      -9.376516869,      -9.952414412,      -10.12653917
          0,           0,         295,      -9.646537511,      -9.394285636,      -9.970349627,      -10.14154905
          0,           0,         296,      -9.677080128,      -9.415557472,      -9.991455561,      -10.16170885
          0,           0,         297,      -9.707348044,      -9.440288149,      -10.01670461,      -10.18848728
          0,           0,         298,      -9.732168414,      -9.465223833,      -10.04706581,      -10.22768828
          0,           0,         299,      -9.755041836,      -9.493107201,      -10.05761004,      -10.24152286
          0,           0,         300,      -9.773202999,      -9.521700474,      -10.08747533,      -10.27524976
          0,           0,         301,      -9.788942989,      -9.551308339,      -10.11318524,       -10.3093346
          0,           0,         302,      -9.799670961,      -9.580110533,      -10.13910016,      -10.34768081
          0,           0,         303,      -9.808147328,      -9.606348011,      -10.16384386,      -10.38255838
          0,           0,         304,      -9.814558006,      -9.628369027,      -10.18564938,      -10.41094029
          0,           0,         305,      -9.820618807,       -9.64564236,      -10.20512344,      -10.43250739
          0,           0,         306,      -9.827581199,      -9.658378138,      -10.22058506,      -10.44708509
          0,           0,         307,      -9.836475168,       -9.66736184,      -10.23304631,      -10.45476297
          0,           0,         308,      -9.848173926,      -9.674017117,      -10.24384781,      -10.45730859
          0,           0,         309,      -9.863173655,      -9.679973764,      -10.25349721,      -10.45752949
          0,           0,         310,      -9.881656979,      -9.686635248,      -10.26301341,      -10.45782531
          0,           0,         311,      -9.903615094,      -9.695100907,       -10.2735869,      -10.45994595
          0,           0,         312,      -9.928886064,      -9.706216105,       -10.2859726,      -10.46520495
          0,           0,         313,      -9.957106317,       -9.72057425,      -10.30059585,      -10.47454875
          0,           0,         314,      -9.987646777,      -9.738517196,      -10.31784196,      -10.48861528
          0,           0,         315,      -10.01959008,      -9.760171133,      -10.33819033,      -10.50793797
          0,           0,         316,      -10.05174913,      -9.785480502,      -10.36259051,       -10.5337703
          0,           0,         317,      -10.07998534,      -9.812198228,        -10.392817,      -10.57207014
          0,           0,         318,      -10.10427886,      -9.840244818,      -10.40195744,      -10.58449651
          0,           0,         319,      -10.12540196,      -9.870778542,      -10.43126512,      -10.61991442
          0,           0,         320,       -10.1432856,       -9.90188564,      -10.45894447,      -10.65452261
          0,           0,         321,       -10.1556511,      -9.932471444,      -10.48539887,      -10.69332015
          0,           0,         322,      -10.16479823,      -9.960344643,      -10.51051266,      -10.72943458
          0,           0,         323,      -10.17087715,      -9.983384681,      -10.53317768,      -10.75896804
          0,           0,         324,      -10.17590871,      -10.00097952,      -10.55309344,      -10.78140405
          0,           0,         325,      -10.18144511,      -10.01336852,       -10.5685579,      -10.79647735
          0,           0,         326,      -10.18869782,      -10.02142962,      -10.58071058,      -10.80419611
          0,           0,         327,      -10.19865665,      -10.02675363,      -10.59092294,      -10.80635253
          0,           0,         328,      -10.21190708,      -10.03115171,      -10.59979018,       -10.8058312
          0,           0,         329,       -10.2286936,      -10.03617087,      -10.60838218,      -10.80514056
          0,           0,         330,      -10.24904798,      -10.04299978,      -10.61793596,      -10.80613099
          0,           0,         331,      -10.27283731,      -10.05252215,      -10.62927785,      -10.81017484
          0,           0,         332,      -10.29972629,      -10.06533454,      -10.64289327,      -10.81823498
          0,           0,         333,       -10.3291225,      -10.08176469,      -10.65918105,      -10.83092322
          0,           0,         334,      -10.36015665,      -10.10192069,      -10.67855163,      -10.84865509
          0,           0,         335,       -10.3917281,       -10.1257553,      -10.70156339,      -10.87207208
          0,           0,         336,      -10.42239745,      -10.15293711,      -10.73050946,      -10.90481614
          0,           0,         337,      -10.44426285,      -10.17794109,       -10.7464688,       -10.9269984
          0,           0,         338,      -10.46731019,      -10.20877764,      -10.77096894,      -10.95894741
          0,           0,         339,      -10.48492488,      -10.23828432,      -10.80152054,      -10.99207389
          0,           0,         340,       -10.4988208,      -10.26857316,      -10.82854197,      -11.02907153
          0,           0,         341,      -10.50906563,      -10.29731403,      -10.85412998,      -11.06748221
          0,           0,         342,      -10.51624512,      -10.32187949,      -10.87859018,       -11.0995718
          0,           0,         343,      -10.52195281,      -10.34154021,      -10.90004594,      -11.12474603
          0,           0,         344,      -10.52783878,      -10.35635391,      -10.91737001,       -11.1430771
          0,           0,         345,      -10.53511844,      -10.36684347,      -10.93112535,      -11.15418971
          0,           0,         346,      -10.54481266,      -10.37423054,      -10.94253625,      -11.15908644
          0,           0,         347,      -10.55763569,      -10.38015228,      -10.95234769,      -11.16023428
          0,           0,         348,      -10.57393391,      -10.38615616,      -10.96143109,       -11.1602643
          0,           0,         349,      -10.59379734,      -10.39348771,       -10.9709854,      -11.16124792
          0,           0,         350,      -10.61714237,      -10.40309938,      -10.98201157,      -11.16471787
          0,           0,         351,      -10.64370284,      -10.41567559,      -10.99512439,        -11.171781
          0,           0,         352,      -10.67297601,      -10.43164319,      -11.01074112,      -11.18318516
          0,           0,         353,      -10.70418072,      -10.45120097,      -11.02925279,      -11.19943922
          0,           0,         354,      -10.73626277,       -10.4743666,      -11.05115258,      -11.22112344
          0,           0,         355,       -10.7678541,      -10.50093496,      -11.07790998,      -11.25049318
          0,           0,         356,      -10.79069588,      -10.52526016,      -11.09796221,       -11.2803893
          0,           0,         357,      -10.81572569,      -10.55591471,      -11.11539637,      -11.30325379
          0,           0,         358,      -10.83462691,      -10.58537694,      -11.14671428,      -11.33623316
          0,           0,         359,      -10.85079091,      -10.61655135,      -11.17287035,      -11.37228437
          0,           0,         360,      -10.86202802,      -10.64651526,      -11.19813806,      -11.41160559
          0,           0,         361,       -10.8698008,      -10.67248976,      -11.22314945,      -11.44492976
          0,           0,         362,      -10.87532306,      -10.69346983,      -11.24490712,      -11.47153108
          0,           0,         363,      -10.88050483,      -10.70925105,      -11.26292486,      -11.49140501
          0,           0,         364,      -10.88666446,      -10.72015012,      -11.27703192,      -11.50391896
          0,           0,         365,       -10.8949191,      -10.72726247,      -11.28839675,      -11.50955321
          0,           0,         366,      -10.90611738,      -10.73227113,      -11.29799067,      -11.51056828
          0,           0,         367,      -10.92069119,      -10.73687747,      -11.30655684,      -11.50979066
          0,           0,         368,      -10.93878018,      -10.74247413,      -11.31529638,      -11.50949575
          0,           0,         369,      -10.96034721,      -10.75012673,      -11.32534436,      -11.51134678
          0,           0,         370,      -10.98519034,      -10.76061675,       -11.3373829,      -11.51656478
          0,           0,         371,      -11.01289151,      -10.77445339,      -11.35182181,      -11.52598828
          0,           0,         372,      -11.04276994,       -10.7918989,       -11.3690325,        -11.540153
          0,           0,         373,      -11.07388273,      -10.81302165,      -11.38943113,      -11.55949396
          0,           0,         374,      -11.10510006,      -10.83775739,      -11.41381058,      -11.58507285
          0,           0,         375,      -11.13347697,      -10.86462962,      -11.44562694,      -11.62373454
          0,           0,         376,      -11.15611926,      -10.89163128,      -11.45636896,      -11.63758963
          0,           0,         377,      -11.17633269,      -10.92161402,      -11.48516394,      -11.67286465
          0,           0,         378,      -11.19304557,       -10.9515866,      -11.51286831,       -11.7068936
          0,           0,         379,      -11.20472106,      -10.98106675,      -11.53987187,       -11.7449069
          0,           0,         380,      -11.21378712,      -11.00837931,      -11.56496056,      -11.78130876
          0,           0,         381,      -11.22026849,      -11.03134698,      -11.58756482,      -11.81124446
          0,           0,         382,      -11.22592986,       -11.0493232,      -11.60776129,      -11.83410859
          0,           0,         383,      -11.23220996,       -11.0625354,      -11.62365802,      -11.84988276
          0,           0,         384,      -11.24023378,      -11.07173095,      -11.63626655,      -11.85853575
          0,           0,         385,      -11.25094033,      -11.07831088,      -11.64700467,       -11.8616428
          0,           0,         386,      -11.26490622,      -11.08394303,       -11.6564411,      -11.86195179
          0,           0,         387,      -11.28237664,      -11.09009462,      -11.66556016,      -11.86194544
          0,           0,         388,      -11.30338207,      -11.09791726,      -11.67556226,      -11.86347923
          0,           0,         389,       -11.3277914,      -11.10828977,       -11.6872805,      -11.86794018
          0,           0,         390,      -11.35527764,      -11.12182861,      -11.70120761,      -11.87632148
          0,           0,         391,      -11.38525846,      -11.13889398,      -11.71774266,      -11.88928066
          0,           0,         392,      -11.41686721,      -11.15962684,      -11.73731341,       -11.9073008
          0,           0,         393,      -11.44897791,        -11.183998,      -11.76058028,      -11.93119817
          0,           0,         394,      -11.47964075,      -11.21136411,      -11.79015811,      -11.96551137
          0,           0,         395,      -11.50236472,      -11.23715227,      -11.80228835,      -11.98267912
          0,           0,         396,      -11.52530299,         -11.26812,      -11.82877723,      -12.01686889
          0,           0,         397,      -11.54351613,      -11.29834608,      -11.85832987,       -12.0503993
          0,           0,         398,      -11.55724751,      -11.32900825,      -11.88515459,      -12.08798689
          0,           0,         399,      -11.56741496,      -11.35783959,      -11.91027848,       -12.1257346
          0,           0,         400,      -11.57422865,      -11.38218443,      -11.93390487,      -12.15707669
          0,           0,         401,      -11.57951204,      -11.40129391,      -11.95465273,      -12.18145157
          0,           0,         402,       -11.5849318,      -11.41524936,      -11.97099491,      -12.19874287
          0,           0,         403,      -11.59174663,      -11.42465999,      -11.98385254,      -12.20860018
          0,           0,         404,      -11.60099894,       -11.4308881,       -11.9945282,      -12.21229805
          0,           0,         405,       -11.6133778,      -11.43567464,      -12.00367714,      -12.21248442
          0,           0,         406,      -11.62921292,      -11.44061675,      -12.01224655,      -12.21177474
          0,           0,         407,      -11.64859359,       -11.4469888,      -12.02144344,      -12.21220036
          0,           0,         408,      -11.67143851,      -11.45575955,      -12.03219814,      -12.21527551
          0,           0,         409,      -11.69747728,      -11.46760951,      -12.04508576,      -12.22207827
          0,           0,         410,      -11.72619928,      -11.48294721,      -12.06052824,       -12.2333135
          0,           0,         411,      -11.75682237,      -11.50195127,      -12.07892105,      -12.24944235
          0,           0,         412,      -11.78831249,      -11.52462813,      -12.10072416,      -12.27097737
          0,           0,         413,      -11.81943769,      -11.55083075,      -12.12729885,      -12.29996106
          0,           0,         414,      -11.84240657,      -11.57527573,      -12.15124376,      -12.33365905
          0,           0,         415,      -11.86688688,      -11.60549433,      -12.16674963,      -12.35429049
          0,           0,         416,      -11.88514956,      -11.63459246,      -12.19826352,      -12.38737423
          0,           0,         417,      -11.90090693,        -11.665248,       -12.2244106,      -12.42300589
          0,           0,         418,      -11.91170589,      -11.69469669,      -12.25023992,      -12.46235606
          0,           0,         419,      -11.91952002,      -11.72049313,      -12.27564367,      -12.49616488
          0,           0,         420,      -11.92527975,      -11.74154707,      -12.29776048,      -12.52317315
          0,           0,         421,      -11.93084482,      -11.75764839,      -12.31655468,      -12.54343434
          0,           0,         422,       -11.9374773,      -11.76913668,      -12.33136117,      -12.55652789
          0,           0,         423,      -11.94624903,      -11.77704148,      -12.34329764,      -12.56284402
          0,           0,         424,      -11.95801172,       -11.7829694,      -12.35346377,      -12.56451911
          0,           0,         425,      -11.97320424,      -11.78857243,      -12.36253471,       -12.5643835
          0,           0,         426,      -11.99196218,      -11.79520036,      -12.37169068,      -12.56472163
          0,           0,         427,      -12.01424018,      -11.80388129,        -12.382118,      -12.56718039
          0,           0,         428,      -12.03983235,      -11.81537739,      -12.39452879,      -12.57297502
          0,           0,         429,       -12.0683179,      -11.83019452,      -12.40933001,      -12.58295694
          0,           0,         430,       -12.0990054,      -11.84859666,      -12.42689357,      -12.59768761
          0,           0,         431,      -12.13092253,      -11.87064929,      -12.44767019,      -12.61765455
          0,           0,         432,      -12.16285566,      -11.89625699,      -12.47261373,      -12.64415975
          0,           0,         433,      -12.19024076,      -11.92280137,      -12.50316324,      -12.68312311
          0,           0,         434,      -12.21433231,       -11.9511534,      -12.51294319,      -12.69603974
          0,           0,         435,       -12.2345807,      -11.98128351,      -12.54274942,       -12.7311714
          0,           0,         436,      -12.25176479,      -12.01203661,      -12.57006416,       -12.7657718
          0,           0,         437,      -12.26345761,      -12.04203151,       -12.5964874,      -12.80448563
          0,           0,         438,      -12.27218387,        -12.069226,      -12.62150489,      -12.84009893
          0,           0,         439,      -12.27814399,      -12.09170283,      -12.64381056,      -12.86908656
          0,           0,         440,      -12.28330159,      -12.10893501,      -12.66339269,      -12.89104821
          0,           0,         441,      -12.28911678,      -12.12119029,      -12.67857901,       -12.9057702
          0,           0,         442,       -12.2967388,      -12.12933725,      -12.69052373,      -12.91330051
          0,           0,         443,      -12.30711057,       -12.1349142,      -12.70062455,      -12.91543568
          0,           0,         444,       -12.3207762,      -12.13965849,      -12.70946886,      -12.91502867
          0,           0,         445,      -12.33794938,      -12.14504928,      -12.71812103,      -12.91453103
          0,           0,         446,      -12.35864128,       -12.1522278,      -12.72780163,      -12.91574203
          0,           0,         447,      -12.38270625,      -12.16205328,      -12.73930339,      -12.92000397
          0,           0,         448,       -12.4098011,      -12.17511507,      -12.75307931,      -12.92826815
          0,           0,         449,      -12.43932939,      -12.19174505,      -12.76951078,      -12.94114932
          0,           0,         450,      -12.47042229,      -12.21206199,      -12.78900761,      -12.95908189
          0,           0,         451,       -12.5019851,      -12.23603241,      -12.81217419,      -12.98279209
          0,           0,         452,      -12.53241876,      -12.26321818,      -12.84162029,      -13.01655073
          0,           0,         453,      -12.55444207,      -12.28852254,      -12.85567513,       -13.0359572
          0,           0,         454,       -12.5771036,      -12.31927128,      -12.88140387,      -13.06937345
          0,           0,         455,      -12.59480383,      -12.34901028,      -12.91126113,      -13.10269974
          0,           0,         456,      -12.60844017,      -12.37931686,      -12.93825581,      -13.13998017
          0,           0,         457,      -12.61864855,      -12.40799684,      -12.96359377,      -13.17801968
          0,           0,         458,      -12.62574647,      -12.43241113,      -12.98755063,      -13.20972018
          0,           0,         459,      -12.63140268,      -12.45179843,       -13.0086662,      -13.23445645
          0,           0,         460,      -12.63723648,        -12.466219,       -13.0255477,      -13.25220788
          0,           0,         461,      -12.64446969,      -12.47623185,        -13.038939,      -13.26263131
          0,           0,         462,      -12.65412445,      -12.48312062,      -13.05009726,       -13.2668892
          0,           0,         463,      -12.66689762,      -12.48856824,      -13.05969996,      -13.26755274
          0,           0,         464,      -12.68312908,       -12.4941468,      -13.06865011,       -13.2672457
          0,           0,         465,      -12.70291248,      -12.50112074,      -13.07814155,      -13.26801908
          0,           0,         466,      -12.72617037,       -12.5104578,      -13.08913194,      -13.27139819
          0,           0,         467,      -12.75263931,      -12.52284805,       -13.1022207,      -13.27847759
          0,           0,         468,      -12.78181507,      -12.53871483,      -13.11783533,      -13.28998584
          0,           0,         469,      -12.81291645,      -12.55825168,      -13.13638407,      -13.30641798
          0,           0,         470,      -12.84489513,      -12.58147345,      -13.15838154,      -13.32836823
          0,           0,         471,      -12.87638889,      -12.60816757,      -13.18544181,      -13.35830758
          0,           0,         472,      -12.89897875,      -12.63253942,      -13.20436617,      -13.38662611
          0,           0,         473,      -12.92391975,      -12.66346307,      -13.22328979,      -13.41161717
          0,           0,         474,      -12.94273694,      -12.69306731,      -13.25470324,      -13.44459758
          0,           0,         475,      -12.95869078,      -12.72434029,      -13.28103553,      -13.48103236
          0,           0,         476,      -12.96990209,      -12.75433874,      -13.30652633,      -13.52047067
          0,           0,         477,      -12.97762772,      -12.78023711,      -13.33174096,      -13.55373684
          0,           0,         478,      -12.98319743,      -12.80108671,      -13.35370037,      -13.58020122
          0,           0,         479,      -12.98848599,      -12.81672462,      -13.37179532,       -13.5998671
          0,           0,         480,      -12.99480499,      -12.82751028,      -13.38601981,      -13.61212151
          0,           0,         481,      -13.00327147,      -12.83459371,      -13.39753047,      -13.61756103
