"Time_Iter","Outer_Iter","Inner_Iter",    "rms[Rho]"    ,    "rms[RhoU]"   ,    "rms[RhoV]"   ,    "rms[RhoW]"   ,    "rms[RhoE]"   ,     "rms[nu]"    
          0,           0,           0,      -4.455922249,      -9.280824176,      -10.07188228,      -10.04678606,      -3.846666929,      -11.49841662
          0,           0,           1,      -4.888015366,      -4.823935063,      -5.346305613,      -4.564473672,       -4.26077656,      -11.53473816
          0,           0,           2,      -4.924321136,      -4.780324342,      -5.120033902,      -4.835744705,      -4.305928303,      -11.37070318
          0,           0,           3,        -5.0054927,      -4.827495205,       -5.02288575,      -4.856986876,      -4.405874412,      -11.44469729
          0,           0,           4,      -4.999732536,       -4.84931546,      -4.982706195,      -4.829121503,      -4.405084161,      -11.48582049
          0,           0,           5,      -4.999323714,      -4.852052735,      -4.960102415,      -4.809577897,      -4.403692208,      -11.48625745
          0,           0,           6,      -5.020188135,      -4.857772483,      -4.936731722,      -4.805578649,      -4.423290191,      -11.48580768
          0,           0,           7,      -5.047646054,      -4.863450277,      -4.915502121,      -4.814752097,      -4.448461325,      -11.47685773
          0,           0,           8,      -5.063547823,      -4.863301873,       -4.90422533,      -4.828351996,      -4.460320279,      -11.45707503
          0,           0,           9,         -5.067305,      -4.861978204,      -4.903534217,      -4.838989405,      -4.459531459,      -11.42935134
          0,           0,          10,      -5.068539756,      -4.864486027,      -4.909553061,      -4.846296815,      -4.456723239,      -11.39463501
          0,           0,          11,      -5.073647036,      -4.872799958,      -4.917960015,      -4.853406901,      -4.458881167,      -11.34857035
          0,           0,          12,      -5.083062598,       -4.88584763,      -4.926359044,      -4.863541526,      -4.466400204,      -11.28662794
          0,           0,          13,      -5.095200621,      -4.903442573,      -4.935309941,      -4.877874844,      -4.477835344,      -11.20698764
          0,           0,          14,      -5.108670574,      -4.925109788,      -4.946042434,      -4.895918608,      -4.491327577,      -11.11227226
          0,           0,          15,      -5.121943746,      -4.950163439,      -4.959480229,      -4.916232929,      -4.504796901,      -11.00938132
          0,           0,          16,      -5.135108089,      -4.977335453,      -4.975794731,      -4.937278972,      -4.517628465,      -10.90946764
          0,           0,          17,      -5.148919053,      -5.005664636,      -4.994745665,      -4.958078121,      -4.530507269,      -10.81699034
          0,           0,          18,      -5.163256279,      -5.034900842,      -5.016020614,      -4.978459843,      -4.543798772,       -10.7258096
          0,           0,          19,      -5.178958067,      -5.065502901,      -5.039306879,      -4.998867808,      -4.558910004,      -10.63392686
          0,           0,          20,      -5.196684949,      -5.097959016,      -5.064216176,      -5.019951017,      -4.576829812,      -10.54091885
          0,           0,          21,      -5.215407994,        -5.1325432,      -5.090237819,      -5.042225245,      -4.596589483,      -10.44388972
          0,           0,          22,      -5.232498801,      -5.169276631,       -5.11680659,         -5.066018,      -4.615361685,      -10.34322759
          0,           0,          23,      -5.247951336,      -5.207623128,      -5.143394373,      -5.091338327,      -4.632551383,      -10.24804362
          0,           0,          24,      -5.261267469,      -5.246691444,      -5.169715595,      -5.117933967,      -4.647169285,      -10.16026436
          0,           0,          25,      -5.272874082,      -5.285928848,      -5.195710968,       -5.14568632,      -4.659411014,      -10.07926087
          0,           0,          26,      -5.284405545,      -5.325066374,      -5.221507321,      -5.174522173,      -4.671023097,      -10.01350533
          0,           0,          27,      -5.297510249,      -5.364043292,      -5.247356996,      -5.204482354,      -4.683922415,      -9.956177045
          0,           0,          28,      -5.313197166,       -5.40254133,      -5.273663772,      -5.235653466,      -4.699287889,       -9.90831656
          0,           0,          29,      -5.332026577,      -5.440430891,      -5.300898481,      -5.268163659,      -4.717718195,      -9.868741555
          0,           0,          30,      -5.353024171,      -5.477628948,       -5.32949578,      -5.302272195,      -4.738336422,      -9.838924244
          0,           0,          31,      -5.377955722,      -5.513285876,      -5.359792607,      -5.338272413,       -4.76295598,      -9.815275711
          0,           0,          32,      -5.406113686,      -5.548363272,      -5.392009606,       -5.37651897,      -4.790989468,      -9.797741106
          0,           0,          33,       -5.43778963,      -5.582397984,      -5.426251251,      -5.417189659,      -4.822650176,      -9.784689803
          0,           0,          34,      -5.473744565,      -5.615409319,      -5.462586152,      -5.460428759,      -4.858697655,      -9.775943959
          0,           0,          35,      -5.512728232,      -5.648470825,      -5.501009214,      -5.506301947,      -4.897914803,      -9.770786333
          0,           0,          36,      -5.554362317,      -5.681738091,      -5.541314217,      -5.554681249,      -4.939894601,      -9.767334406
          0,           0,          37,      -5.597769828,      -5.714908234,      -5.583111977,      -5.605361588,      -4.983832623,      -9.764478965
          0,           0,          38,      -5.641291717,      -5.747474597,      -5.625971613,      -5.657968127,      -5.028166148,      -9.761244598
          0,           0,          39,       -5.68413871,      -5.778599216,      -5.669434812,      -5.711960446,      -5.072142494,      -9.756850957
          0,           0,          40,      -5.724840749,      -5.808067303,      -5.713067416,      -5.766764744,      -5.114257385,       -9.75049501
          0,           0,          41,      -5.762021449,        -5.8347979,      -5.756539959,      -5.821629175,       -5.15297456,       -9.74001306
          0,           0,          42,       -5.79464494,      -5.858191057,      -5.799674289,      -5.875785778,      -5.187042815,      -9.729534596
          0,           0,          43,      -5.822275369,      -5.879450308,      -5.842416002,      -5.928551955,      -5.215791151,      -9.715312346
          0,           0,          44,      -5.845655585,      -5.896803743,      -5.884757222,      -5.979404026,      -5.239776709,      -9.698658477
          0,           0,          45,      -5.866389191,      -5.910645386,      -5.926665267,       -6.02802106,      -5.260578511,      -9.679086418
          0,           0,          46,      -5.886191855,      -5.921732777,      -5.968021224,      -6.074197167,       -5.28002635,      -9.660004171
          0,           0,          47,      -5.906535275,        -5.9301584,      -6.008622202,      -6.117802524,      -5.299800561,      -9.639229642
          0,           0,          48,      -5.928244561,      -5.936892281,      -6.048148588,      -6.158680993,      -5.320928222,      -9.618246174
          0,           0,          49,      -5.950879997,      -5.942966978,      -6.086219069,      -6.196246234,      -5.343170663,      -9.597567117
          0,           0,          50,      -5.972631518,      -5.948658458,      -6.122408739,      -6.229818406,      -5.364813921,      -9.577717478
          0,           0,          51,      -5.990218318,      -5.953603798,      -6.156264664,       -6.25856142,      -5.382560435,      -9.558875147
          0,           0,          52,      -5.999908288,      -5.958493101,      -6.187375584,      -6.281550475,      -5.392418258,       -9.54140682
          0,           0,          53,      -5.998893661,      -5.962627758,      -6.215386567,       -6.29798886,      -5.391232325,      -9.525465676
          0,           0,          54,      -5.987634094,      -5.966281227,      -6.239940438,      -6.308340356,      -5.379274981,      -9.511064584
          0,           0,          55,      -5.971997122,      -5.969829422,      -6.260686585,      -6.314338154,      -5.362495681,      -9.498612223
          0,           0,          56,       -5.95120174,      -5.973867043,      -6.277659265,      -6.317012858,      -5.340313144,      -9.487817647
          0,           0,          57,      -5.928522234,      -5.978113472,      -6.290643701,       -6.31655695,      -5.316041499,      -9.478737176
          0,           0,          58,      -5.907824779,      -5.982958286,      -6.299447262,      -6.312934519,      -5.293679683,      -9.471317844
          0,           0,          59,      -5.890460123,      -5.987910379,      -6.304442707,      -6.307621062,      -5.274722554,      -9.465461401
          0,           0,          60,      -5.876882324,      -5.993250942,      -6.305833834,      -6.301089885,      -5.259681285,       -9.46108407
          0,           0,          61,      -5.868961603,      -5.999111545,      -6.303904778,      -6.293057555,      -5.250424134,      -9.458026358
          0,           0,          62,       -5.86670165,      -6.005717162,      -6.299426197,      -6.284491239,      -5.246993718,      -9.456154086
          0,           0,          63,      -5.871905436,      -6.013111025,      -6.293048139,      -6.276222431,      -5.251202763,      -9.455308889
          0,           0,          64,      -5.881009907,      -6.022184781,      -6.285932819,      -6.268619116,      -5.259552612,      -9.455342439
          0,           0,          65,      -5.894112521,      -6.031433589,      -6.278432385,      -6.261924158,      -5.272055057,      -9.456092508
          0,           0,          66,       -5.91180649,      -6.040269585,      -6.271043559,      -6.255898696,      -5.289221295,      -9.457394641
          0,           0,          67,      -5.931429003,      -6.048111103,      -6.264455664,      -6.250772782,      -5.308456725,      -9.459069458
          0,           0,          68,      -5.953629532,       -6.05464329,      -6.258867331,       -6.24653591,      -5.330351525,      -9.460995066
          0,           0,          69,      -5.977469166,      -6.060359481,      -6.254442803,      -6.243351352,      -5.353979027,      -9.462993801
          0,           0,          70,      -6.002480227,      -6.065403618,      -6.251363801,      -6.240747156,      -5.378825218,       -9.46495013
          0,           0,          71,      -6.028019569,      -6.069867073,       -6.24971263,      -6.239149998,      -5.404227963,      -9.466817973
          0,           0,          72,      -6.053908069,      -6.073683669,      -6.249484177,      -6.238928718,       -5.42997981,      -9.468536705
          0,           0,          73,      -6.079162897,       -6.07717846,      -6.250679406,      -6.239844006,      -5.455128397,      -9.470044542
          0,           0,          74,       -6.10339775,      -6.080515511,      -6.253210744,      -6.241640451,      -5.479246884,      -9.471318311
          0,           0,          75,      -6.125757301,      -6.083824043,       -6.25694489,      -6.244164907,      -5.501488266,      -9.472312079
          0,           0,          76,      -6.147901492,      -6.086983845,      -6.261703755,      -6.247203099,      -5.523426083,      -9.473070027
          0,           0,          77,      -6.166286942,       -6.09065774,      -6.267424091,      -6.250961605,      -5.541777917,      -9.473607244
          0,           0,          78,      -6.179541066,      -6.094655202,      -6.273870823,      -6.255220032,      -5.555104429,       -9.47393716
          0,           0,          79,      -6.189399084,      -6.098822401,      -6.280836117,      -6.260048914,      -5.565014724,      -9.474061114
          0,           0,          80,      -6.195136384,      -6.103199233,      -6.288264253,      -6.264966016,      -5.570847762,      -9.474047897
          0,           0,          81,      -6.197420617,      -6.107822472,      -6.296110896,      -6.269949092,      -5.573271963,      -9.473915353
          0,           0,          82,      -6.196589305,      -6.112611866,      -6.304328298,      -6.275004044,      -5.572624925,      -9.473708701
          0,           0,          83,      -6.195402965,      -6.117444587,      -6.312857431,      -6.280294379,      -5.571556823,      -9.473481357
          0,           0,          84,      -6.194389417,       -6.12250085,      -6.321681938,      -6.285877599,      -5.570641175,      -9.473340924
          0,           0,          85,       -6.19211505,      -6.128097952,      -6.330793609,      -6.291659509,      -5.568541073,      -9.473295843
          0,           0,          86,      -6.189943071,      -6.133945572,      -6.340052665,      -6.297402554,      -5.566443114,      -9.473370988
          0,           0,          87,      -6.188089712,      -6.140007377,      -6.349398365,      -6.303168275,      -5.564549116,      -9.473710607
          0,           0,          88,       -6.18812748,      -6.146273219,      -6.358748241,      -6.309244046,      -5.564398788,      -9.474213125
          0,           0,          89,       -6.19131526,      -6.152553426,      -6.368027297,      -6.315622835,      -5.567293944,       -9.47496681
          0,           0,          90,      -6.194544563,      -6.159322569,      -6.377232813,      -6.322130741,      -5.570316818,      -9.475994488
          0,           0,          91,      -6.198392838,      -6.166172563,       -6.38623124,      -6.328378899,      -5.573874396,      -9.477284196
          0,           0,          92,      -6.203518721,      -6.173023185,      -6.395006859,        -6.3343997,      -5.578584714,      -9.478825356
          0,           0,          93,       -6.21093707,      -6.179924721,      -6.403527305,      -6.340200182,      -5.585497019,      -9.480610055
          0,           0,          94,      -6.220927784,      -6.187177589,      -6.411833973,      -6.346270667,      -5.594973675,      -9.482579368
          0,           0,          95,      -6.232978841,      -6.194712021,      -6.419968731,      -6.352643404,      -5.606580423,      -9.484682617
          0,           0,          96,      -6.246696768,      -6.202469696,      -6.427979184,      -6.359260217,      -5.619907468,      -9.486878187
          0,           0,          97,      -6.261612673,      -6.210330699,      -6.435966751,      -6.365984561,      -5.634470548,      -9.489136047
          0,           0,          98,      -6.279108435,      -6.218231568,      -6.443962661,      -6.372957498,      -5.651597189,      -9.491433737
          0,           0,          99,      -6.296865487,      -6.226372586,      -6.452074182,      -6.380246807,      -5.669130691,      -9.493804262
          0,           0,         100,      -6.314782985,      -6.234606362,      -6.460266571,       -6.38767438,      -5.686862649,      -9.496308243
          0,           0,         101,       -6.33297425,      -6.242827972,      -6.468566774,      -6.395222054,      -5.704876782,      -9.498579105
          0,           0,         102,      -6.351526503,       -6.25099163,      -6.476981313,      -6.402847914,      -5.723247123,      -9.500684107
          0,           0,         103,      -6.369810485,      -6.259117443,       -6.48547517,      -6.410585259,      -5.741377383,      -9.502642564
          0,           0,         104,      -6.387522108,       -6.26714835,      -6.494020504,      -6.418493407,       -5.75897123,      -9.504458315
          0,           0,         105,      -6.408601149,      -6.275095267,      -6.502559265,      -6.426562237,      -5.779798104,      -9.506120714
          0,           0,         106,       -6.42664901,      -6.283306607,      -6.511205481,      -6.434777936,      -5.797874823,      -9.507634499
          0,           0,         107,      -6.441541521,      -6.291302881,      -6.519833079,      -6.442916415,      -5.812899059,         -9.508995
          0,           0,         108,      -6.454282952,      -6.298862885,      -6.528353549,      -6.450880945,      -5.825764239,      -9.510200009
          0,           0,         109,      -6.465730835,      -6.306043332,      -6.536768353,      -6.458908816,       -5.83731591,      -9.511336754
          0,           0,         110,      -6.474649124,       -6.31290669,      -6.545102542,      -6.466691507,      -5.846440085,      -9.512345752
          0,           0,         111,       -6.48131046,      -6.319537602,      -6.553334894,      -6.474298157,      -5.853374221,      -9.513184767
          0,           0,         112,      -6.485981253,      -6.325844342,      -6.561431746,      -6.481647515,      -5.858324757,      -9.513957784
          0,           0,         113,      -6.489033154,      -6.331788935,       -6.56936133,      -6.488704265,      -5.861624073,      -9.514717543
          0,           0,         114,      -6.491530704,      -6.337386941,      -6.577100888,      -6.495592446,      -5.864320043,      -9.515480224
          0,           0,         115,      -6.495359465,      -6.342717689,      -6.584622639,      -6.502639323,      -5.868252477,      -9.516281859
          0,           0,         116,      -6.498879813,      -6.347955602,      -6.591920452,      -6.509538658,      -5.871948747,      -9.517159921
          0,           0,         117,      -6.501749413,      -6.353070515,      -6.598953687,      -6.516205786,      -5.875007941,      -9.518151293
          0,           0,         118,      -6.505324612,      -6.357924037,       -6.60565698,      -6.522493268,      -5.878657456,      -9.519284173
          0,           0,         119,       -6.50895939,      -6.362551892,      -6.612036191,      -6.528467066,       -5.88229536,      -9.520575924
          0,           0,         120,      -6.512413885,      -6.366901656,      -6.618065353,      -6.534178077,      -5.885706166,        -9.5220436
          0,           0,         121,      -6.516524553,      -6.371162928,      -6.623689849,      -6.539675995,      -5.889741655,      -9.523699063
          0,           0,         122,      -6.520962805,      -6.375283497,      -6.628938104,      -6.544691351,      -5.894058218,      -9.525544683
          0,           0,         123,       -6.52616206,      -6.379268746,      -6.633843391,      -6.549337108,       -5.89906053,      -9.527557803
          0,           0,         124,      -6.532414828,      -6.383212216,      -6.638438745,      -6.553635301,      -5.905057653,      -9.529729566
          0,           0,         125,      -6.545313831,      -6.387140068,      -6.642769163,      -6.557762748,       -5.91743245,      -9.532043656
          0,           0,         126,      -6.558080859,      -6.391584105,      -6.647133315,      -6.562313979,       -5.92994387,      -9.534475099
          0,           0,         127,      -6.571233047,      -6.396294399,      -6.651415184,      -6.567219982,      -5.942943402,      -9.536994816
          0,           0,         128,      -6.584187918,      -6.401057589,      -6.655612636,      -6.572005224,      -5.955805664,      -9.539583958
          0,           0,         129,      -6.596080363,      -6.405778358,      -6.659792568,      -6.576603816,      -5.967619181,      -9.542215411
          0,           0,         130,      -6.607542858,      -6.410301443,      -6.663971407,      -6.581039182,      -5.978951951,      -9.544866427
          0,           0,         131,      -6.619106715,       -6.41462128,       -6.66818445,      -6.585396781,       -5.99032795,      -9.547515524
          0,           0,         132,          -6.63059,      -6.418816785,      -6.672490475,      -6.589786739,      -6.001617633,      -9.550121358
          0,           0,         133,      -6.641833062,      -6.422904729,      -6.676914031,      -6.594308879,      -6.012681234,      -9.552682745
          0,           0,         134,      -6.652435593,      -6.426921957,      -6.681477684,      -6.598992137,      -6.023147916,      -9.555195877
          0,           0,         135,      -6.662212863,      -6.430861917,      -6.686181118,      -6.603864088,      -6.032833457,      -9.557675327
          0,           0,         136,       -6.67154924,      -6.434684697,      -6.690989232,      -6.608821253,      -6.042109086,      -9.560116826
          0,           0,         137,      -6.679929783,      -6.438419429,      -6.695908655,      -6.613889245,      -6.050467201,      -9.562535959
          0,           0,         138,      -6.687864971,      -6.442188231,      -6.700924171,      -6.619166757,      -6.058409194,      -9.564878386
          0,           0,         139,       -6.69557016,      -6.445999936,      -6.706039604,      -6.624562931,       -6.06615206,      -9.567153733
          0,           0,         140,      -6.703416618,      -6.449869353,      -6.711243607,      -6.630137008,      -6.074050228,      -9.569392836
          0,           0,         141,      -6.710358985,      -6.453788718,      -6.716549898,      -6.635768756,      -6.081107421,      -9.571562339
          0,           0,         142,      -6.716024362,      -6.457636209,      -6.721917775,      -6.641391743,      -6.086936143,      -9.573677877
          0,           0,         143,      -6.721051178,       -6.46136459,      -6.727301413,      -6.646949803,      -6.092093814,      -9.575754477
          0,           0,         144,      -6.726232391,      -6.465050619,      -6.732678184,       -6.65243696,      -6.097325709,      -9.577802467
          0,           0,         145,        -6.7321855,      -6.468636113,      -6.738046051,      -6.657906787,      -6.103258279,      -9.579834481
          0,           0,         146,      -6.741769338,      -6.472117908,      -6.743400371,      -6.663372859,      -6.112684537,      -9.581861243
          0,           0,         147,      -6.748512343,      -6.475707696,      -6.748818813,      -6.668976861,      -6.119557314,      -9.583892783
          0,           0,         148,      -6.755124676,      -6.479224319,      -6.754108482,      -6.674437333,      -6.126236346,      -9.585941304
          0,           0,         149,       -6.76092939,      -6.482616478,      -6.759241598,      -6.679692425,      -6.132065021,      -9.588018033
          0,           0,         150,      -6.766567413,      -6.485915601,      -6.764196242,      -6.684698776,      -6.137673988,      -9.590134955
          0,           0,         151,      -6.772210653,       -6.48916363,      -6.768969321,      -6.689483913,      -6.143252607,      -9.592302758
          0,           0,         152,      -6.778300927,      -6.492390959,      -6.773557367,      -6.694066065,      -6.149241022,      -9.594528024
          0,           0,         153,      -6.784990945,      -6.495629009,      -6.777957227,      -6.698495739,      -6.155812748,      -9.596820126
          0,           0,         154,      -6.792343982,      -6.498885415,      -6.782192824,      -6.702814473,      -6.163045966,      -9.599180473
          0,           0,         155,      -6.800415206,      -6.502158568,      -6.786279406,      -6.707028286,      -6.170993812,      -9.601583683
          0,           0,         156,      -6.808861593,      -6.505442406,      -6.790225139,      -6.711122093,      -6.179316134,      -9.604029897
          0,           0,         157,      -6.817650293,      -6.508720962,      -6.794053053,       -6.71510266,      -6.187992619,      -9.606516911
          0,           0,         158,      -6.826900921,      -6.512018827,       -6.79778789,      -6.719036946,      -6.197140608,      -9.609040553
          0,           0,         159,      -6.836322389,      -6.515348552,      -6.801437471,       -6.72294601,      -6.206482116,      -9.611603966
          0,           0,         160,      -6.846229315,       -6.51866857,      -6.805009338,      -6.726833539,      -6.216292315,      -9.614202965
          0,           0,         161,      -6.856256782,      -6.521989667,      -6.808543032,      -6.730691669,      -6.226221439,      -9.616837618
          0,           0,         162,      -6.866189235,      -6.525300665,      -6.812069983,      -6.734526189,      -6.236060523,      -9.619520036
          0,           0,         163,      -6.876411285,      -6.528601541,      -6.815610762,      -6.738367577,      -6.246167225,      -9.622225025
          0,           0,         164,      -6.888744912,      -6.531901694,      -6.819189597,      -6.742258345,      -6.258281505,      -9.624951757
          0,           0,         165,       -6.89949397,      -6.535292328,      -6.822881193,      -6.746305042,      -6.268989974,      -9.627695917
          0,           0,         166,      -6.909342625,      -6.538700746,      -6.826631159,      -6.750378541,      -6.278806531,      -9.630448975
          0,           0,         167,      -6.918378606,      -6.542090603,      -6.830444198,      -6.754447216,      -6.287798764,        -9.6332003
          0,           0,         168,      -6.926676182,      -6.545472658,      -6.834338076,      -6.758553147,      -6.296051388,      -9.635938604
          0,           0,         169,      -6.934569369,       -6.54885964,      -6.838318743,       -6.76273868,       -6.30389891,      -9.638658134
          0,           0,         170,      -6.942119091,      -6.552310754,      -6.842402453,      -6.767046783,      -6.311406047,      -9.641354169
          0,           0,         171,      -6.949326567,        -6.5557752,      -6.846588787,      -6.771472901,      -6.318592267,      -9.644012195
          0,           0,         172,      -6.956641773,      -6.559282218,      -6.850872331,      -6.776148585,      -6.325902685,      -9.646628375
          0,           0,         173,      -6.963616072,      -6.562846818,      -6.855259449,      -6.781037435,      -6.332920399,      -9.649198569
          0,           0,         174,      -6.970008501,       -6.56643092,      -6.859736377,      -6.785959188,      -6.339406208,      -9.651725479
          0,           0,         175,      -6.975926501,      -6.570011218,       -6.86428581,      -6.790946269,       -6.34541429,      -9.654209359
          0,           0,         176,      -6.982746195,      -6.573581984,      -6.868898214,      -6.796005333,      -6.352250922,      -9.656651578
          0,           0,         177,      -6.990220164,       -6.57714245,      -6.873561992,      -6.801163308,      -6.359733556,      -9.659054218
          0,           0,         178,      -6.996183025,      -6.580695476,      -6.878267846,      -6.806343909,      -6.365798527,      -9.661418893
          0,           0,         179,      -7.001718391,      -6.584215953,      -6.882993355,      -6.811564818,      -6.371395907,      -9.663747968
          0,           0,         180,       -7.00671792,      -6.587689333,       -6.88772701,      -6.816933363,      -6.376433603,      -9.666043673
          0,           0,         181,      -7.011333564,      -6.591124522,      -6.892447062,      -6.822324855,       -6.38107741,      -9.668308933
          0,           0,         182,      -7.016021693,      -6.594528952,      -6.897141555,      -6.827649188,      -6.385763223,      -9.670546361
          0,           0,         183,      -7.020838917,      -6.597960338,      -6.901812801,      -6.832924759,      -6.390552281,      -9.672760047
          0,           0,         184,       -7.02578969,      -6.601423085,      -6.906443634,      -6.838165224,       -6.39546699,       -9.67495334
          0,           0,         185,      -7.031005976,       -6.60486467,      -6.911018204,       -6.84336518,      -6.400639974,      -9.677119753
          0,           0,         186,      -7.037098969,      -6.608271842,      -6.915527139,      -6.848551187,      -6.406654871,      -9.679267246
          0,           0,         187,      -7.043515728,      -6.611659458,       -6.91995872,      -6.853814822,      -6.413018382,      -9.681409231
          0,           0,         188,      -7.049969462,      -6.615030864,      -6.924303858,      -6.859123398,      -6.419474126,      -9.683545766
          0,           0,         189,      -7.055927171,      -6.618356266,      -6.928549639,      -6.864293477,      -6.425484279,      -9.685676088
          0,           0,         190,      -7.062382741,      -6.621652756,      -6.932674265,      -6.869346269,      -6.431940983,      -9.687799275
          0,           0,         191,      -7.068631207,      -6.624901988,      -6.936682462,      -6.874346961,      -6.438189499,      -9.689972619
          0,           0,         192,      -7.074629125,      -6.628099451,      -6.940578497,      -6.879241038,      -6.444205324,      -9.692091507
          0,           0,         193,      -7.082025427,      -6.631235194,      -6.944346346,      -6.884137745,      -6.451536304,      -9.694216435
          0,           0,         194,      -7.089426078,      -6.634319607,      -6.947991597,      -6.888917702,      -6.458923497,       -9.69636442
          0,           0,         195,      -7.097163204,      -6.637343196,      -6.951510832,       -6.89364072,      -6.466650416,      -9.698541424
          0,           0,         196,      -7.104735037,       -6.64032181,      -6.954911259,      -6.898274129,      -6.474223052,      -9.700751121
          0,           0,         197,      -7.111284824,      -6.643247764,      -6.958192413,      -6.902725097,      -6.480824977,      -9.703040023
          0,           0,         198,      -7.117248131,      -6.646089071,      -6.961359633,      -6.906991462,      -6.486827002,      -9.705347877
          0,           0,         199,      -7.123018662,      -6.648842383,       -6.96441832,      -6.911098746,      -6.492585929,      -9.707684455
          0,           0,         200,      -7.128876575,       -6.65152978,      -6.967380292,      -6.915110244,      -6.498394829,      -9.710056358
          0,           0,         201,      -7.134689933,      -6.654145767,      -6.970256627,      -6.918994803,      -6.504174053,      -9.712458379
          0,           0,         202,      -7.140571189,      -6.656693038,      -6.973054694,      -6.922759963,      -6.510038316,      -9.714883732
          0,           0,         203,      -7.146521606,      -6.659165145,      -6.975778505,      -6.926411143,      -6.515994369,      -9.717327471
          0,           0,         204,      -7.152499034,      -6.661560803,      -6.978429619,      -6.929949092,      -6.521999151,      -9.719786319
          0,           0,         205,       -7.15848021,      -6.663882996,      -6.981006181,      -6.933381537,      -6.528023492,      -9.722261891
          0,           0,         206,      -7.164432314,      -6.666142992,      -6.983514804,      -6.936744086,      -6.534036026,      -9.724759851
          0,           0,         207,      -7.170146549,      -6.668339649,      -6.985963362,      -6.939998287,       -6.53983757,      -9.727281298
          0,           0,         208,      -7.176452491,      -6.670493809,      -6.988368618,      -6.943158271,      -6.546218606,      -9.729827931
          0,           0,         209,      -7.182638164,      -6.672604368,      -6.990734987,      -6.946239498,      -6.552504963,      -9.732398009
          0,           0,         210,      -7.188613996,      -6.674677663,      -6.993064173,      -6.949229921,      -6.558584139,      -9.734985464
          0,           0,         211,      -7.194670662,      -6.676726571,      -6.995365211,      -6.952140452,       -6.56471811,      -9.737586045
          0,           0,         212,       -7.20085567,      -6.678762221,      -6.997653301,      -6.955026406,      -6.570957431,      -9.740201629
          0,           0,         213,      -7.207117793,      -6.680794673,      -6.999947963,      -6.957901632,      -6.577264196,      -9.742832709
          0,           0,         214,      -7.213113743,      -6.682855635,      -7.002271225,       -6.96073425,      -6.583320098,      -9.745483334
          0,           0,         215,      -7.218971253,      -6.684954683,      -7.004636723,      -6.963547253,      -6.589209162,      -9.748147671
          0,           0,         216,      -7.224841081,      -6.687103183,      -7.007062376,      -6.966375398,       -6.59507292,      -9.750825654
          0,           0,         217,      -7.230737602,      -6.689322455,      -7.009570117,      -6.969244905,      -6.600937619,      -9.753515938
          0,           0,         218,      -7.236584373,      -6.691616096,      -7.012171433,      -6.972182936,      -6.606741481,      -9.756209885
          0,           0,         219,      -7.242588182,      -6.693984512,      -7.014883027,      -6.975227758,      -6.612683904,      -9.758894817
          0,           0,         220,      -7.248485605,      -6.696435444,      -7.017718542,      -6.978396667,      -6.618535311,      -9.761560433
          0,           0,         221,      -7.254372984,      -6.698974927,      -7.020688589,       -6.98170361,      -6.624376445,      -9.764199142
          0,           0,         222,      -7.260256621,      -6.701595315,        -7.0237947,      -6.985141952,      -6.630205294,      -9.766805833
          0,           0,         223,        -7.2661319,       -6.70429667,      -7.027040334,      -6.988706575,      -6.636023181,      -9.769376191
          0,           0,         224,      -7.272136023,      -6.707079098,      -7.030426832,      -6.992444093,      -6.641963837,      -9.771907075
          0,           0,         225,      -7.278317071,       -6.70994461,      -7.033949634,      -6.996402938,      -6.648082171,      -9.774396299
          0,           0,         226,      -7.284077885,      -6.712880287,      -7.037609971,      -7.000488932,      -6.653824115,      -9.776844021
          0,           0,         227,       -7.28972101,      -6.715880625,      -7.041393234,      -7.004693079,      -6.659456109,      -9.779250601
          0,           0,         228,      -7.295306125,      -6.718936475,      -7.045288308,       -7.00900982,      -6.665016526,      -9.781611683
          0,           0,         229,      -7.300842427,      -6.722040797,      -7.049284279,      -7.013438503,      -6.670514821,      -9.783942963
          0,           0,         230,      -7.306286173,      -6.725187222,      -7.053368031,      -7.017969767,      -6.675916877,      -9.786241523
          0,           0,         231,       -7.31202444,      -6.728372898,      -7.057526658,       -7.02261079,      -6.681599963,      -9.788510294
          0,           0,         232,      -7.317686776,      -6.731584967,      -7.061748061,      -7.027335033,      -6.687228914,      -9.790752343
          0,           0,         233,      -7.323409778,      -6.734821113,      -7.066017174,      -7.032137401,      -6.692928201,      -9.792969085
          0,           0,         234,      -7.329036369,      -6.738072635,      -7.070318201,      -7.036974457,      -6.698550869,      -9.795161935
          0,           0,         235,       -7.33450265,      -6.741327697,      -7.074634997,      -7.041818895,      -6.704025573,      -9.797332123
          0,           0,         236,      -7.339794308,      -6.744577164,      -7.078952247,      -7.046648768,      -6.709332161,      -9.799482179
          0,           0,         237,      -7.344906672,      -6.747812511,      -7.083254833,      -7.051441307,      -6.714466859,      -9.801614112
          0,           0,         238,      -7.349946564,      -6.751029486,      -7.087527654,      -7.056178052,      -6.719530008,      -9.803732821
          0,           0,         239,        -7.3548517,      -6.754223402,      -7.091758376,      -7.060846168,      -6.724467965,      -9.805838038
          0,           0,         240,      -7.359563744,        -6.7573901,       -7.09593601,      -7.065430798,      -6.729224565,      -9.807934247
          0,           0,         241,      -7.364102543,       -6.76052583,      -7.100050462,      -7.069916919,      -6.733813404,      -9.810024867
          0,           0,         242,      -7.368483844,      -6.763627562,       -7.10409474,      -7.074290531,       -6.73824928,      -9.812112836
          0,           0,         243,      -7.372850804,      -6.766698443,      -7.108064398,      -7.078554311,        -6.7426612,      -9.814200459
          0,           0,         244,      -7.377001652,      -6.769737237,      -7.111959299,      -7.082711859,      -6.746872332,      -9.816289426
          0,           0,         245,      -7.381004906,      -6.772744039,      -7.115778652,      -7.086745824,      -6.750944574,      -9.818381047
          0,           0,         246,       -7.38490442,      -6.775722352,      -7.119523343,      -7.090647249,      -6.754907898,      -9.820474496
          0,           0,         247,      -7.388751149,      -6.778677244,      -7.123199097,      -7.094423893,       -6.75880877,      -9.822562512
          0,           0,         248,      -7.392554435,      -6.781611694,      -7.126813034,       -7.09808541,      -6.762659712,       -9.82466673
          0,           0,         249,      -7.396307542,      -6.784531917,      -7.130361691,      -7.101642123,      -6.766457769,      -9.826777029
          0,           0,         250,      -7.400108682,       -6.78744482,      -7.133851238,      -7.105110857,       -6.77029862,      -9.828896554
          0,           0,         251,      -7.403896304,      -6.790356305,      -7.137290675,      -7.108496467,       -6.77412763,      -9.831024885
          0,           0,         252,      -7.407698192,      -6.793274834,      -7.140690363,      -7.111814304,      -6.777969175,      -9.833162982
          0,           0,         253,      -7.411517634,      -6.796204322,      -7.144056099,      -7.115081006,      -6.781828323,      -9.835312826
          0,           0,         254,      -7.415267709,      -6.799150242,      -7.147391345,      -7.118294441,      -6.785626659,      -9.837468295
          0,           0,         255,      -7.418972641,      -6.802115677,      -7.150700686,      -7.121461513,      -6.789379444,      -9.839623079
          0,           0,         256,      -7.422652206,      -6.805101059,      -7.153985012,      -7.124589746,      -6.793102215,      -9.841774124
          0,           0,         257,      -7.426430339,      -6.808110275,      -7.157248786,      -7.127689824,      -6.796917237,      -9.843919948
          0,           0,         258,      -7.430387318,      -6.811144833,       -7.16049868,      -7.130773175,      -6.800908286,      -9.846061107
          0,           0,         259,      -7.434159125,      -6.814201444,      -7.163737027,      -7.133841464,      -6.804730532,      -9.848198282
          0,           0,         260,      -7.437830025,      -6.817277053,      -7.166963755,      -7.136913821,      -6.808446048,      -9.850333911
          0,           0,         261,      -7.441390652,      -6.820373949,      -7.170181194,      -7.139986097,      -6.812052317,      -9.852469156
          0,           0,         262,      -7.444824834,      -6.823496846,      -7.173392277,       -7.14303553,      -6.815539283,      -9.854603977
          0,           0,         263,      -7.448199473,      -6.826644992,      -7.176597702,       -7.14607279,      -6.818954557,       -9.85673863
          0,           0,         264,      -7.451556809,      -6.829818865,      -7.179800808,      -7.149106431,      -6.822341763,      -9.858873784
          0,           0,         265,      -7.454928175,      -6.833020187,      -7.183005482,      -7.152145196,      -6.825738645,      -9.861010042
          0,           0,         266,       -7.45830047,      -6.836250493,      -7.186216006,      -7.155193872,      -6.829136227,      -9.863147753
          0,           0,         267,      -7.461682294,      -6.839511304,      -7.189437842,       -7.15826085,      -6.832544648,      -9.865286471
          0,           0,         268,      -7.465027659,      -6.842801488,      -7.192675507,      -7.161348657,      -6.835925875,      -9.867426027
          0,           0,         269,      -7.468366321,      -6.846121409,      -7.195934065,      -7.164461977,      -6.839302931,      -9.869565958
          0,           0,         270,      -7.471693302,      -6.849470425,      -7.199218258,      -7.167606491,      -6.842668743,      -9.871705919
          0,           0,         271,      -7.474987714,      -6.852849065,       -7.20253228,       -7.17078761,      -6.846002748,      -9.873842728
          0,           0,         272,      -7.478303189,       -6.85625245,      -7.205879057,        -7.1740066,      -6.849360718,      -9.875972807
          0,           0,         273,      -7.481604341,      -6.859675707,      -7.209260356,      -7.177269256,      -6.852706786,      -9.878108812
          0,           0,         274,      -7.484865194,        -6.8631139,      -7.212676546,      -7.180580036,      -6.856012217,      -9.880246624
          0,           0,         275,      -7.488064996,      -6.866563468,      -7.216136829,      -7.183931764,      -6.859260587,      -9.882386617
          0,           0,         276,      -7.491263189,      -6.870021881,      -7.219631576,      -7.187328873,      -6.862505446,      -9.884524121
          0,           0,         277,      -7.494500997,      -6.873489696,      -7.223157528,      -7.190773469,      -6.865785495,      -9.886653215
          0,           0,         278,      -7.497775389,      -6.876961312,        -7.2267143,      -7.194265869,       -6.86910038,      -9.888785252
          0,           0,         279,      -7.501109053,      -6.880433298,      -7.230298883,      -7.197813409,      -6.872474204,      -9.890899991
          0,           0,         280,      -7.504433671,      -6.883902265,      -7.233909197,      -7.201396326,      -6.875846952,      -9.892985402
          0,           0,         281,      -7.507739783,      -6.887364653,       -7.23754102,      -7.205010815,      -6.879204604,      -9.895093855
          0,           0,         282,      -7.511001061,       -6.89082413,      -7.241190774,      -7.208652502,      -6.882519246,      -9.897189483
          0,           0,         283,      -7.514228616,      -6.894286577,      -7.244857051,      -7.212324156,      -6.885800972,      -9.899321772
          0,           0,         284,      -7.517426154,      -6.897749054,      -7.248536857,      -7.216023012,      -6.889054515,      -9.901463339
          0,           0,         285,      -7.520603399,      -6.901202793,      -7.252225542,      -7.219743604,      -6.892289368,      -9.903605117
          0,           0,         286,      -7.523770506,      -6.904642038,      -7.255918511,      -7.223478233,      -6.895514762,      -9.905745694
          0,           0,         287,      -7.526920547,      -6.908063981,      -7.259610601,      -7.227221322,      -6.898724127,      -9.907880887
          0,           0,         288,      -7.530045461,      -6.911466417,      -7.263296251,      -7.230968903,      -6.901908942,       -9.91002621
          0,           0,         289,      -7.533151498,       -6.91484594,      -7.266967554,      -7.234716025,        -6.9050763,      -9.912170741
          0,           0,         290,      -7.536249529,      -6.918200753,      -7.270619384,      -7.238456676,      -6.908237284,      -9.914317189
          0,           0,         291,      -7.539331391,       -6.92152856,       -7.27424727,      -7.242183774,      -6.911384468,      -9.916466127
          0,           0,         292,      -7.542140836,      -6.924826375,      -7.277846719,      -7.245891363,      -6.914269515,      -9.918615993
          0,           0,         293,      -7.544991682,      -6.928097587,      -7.281414096,      -7.249570903,      -6.917193875,      -9.920765186
          0,           0,         294,       -7.54788438,      -6.931339849,      -7.284944511,      -7.253221812,      -6.920157837,      -9.922905071
          0,           0,         295,      -7.550744235,      -6.934546307,      -7.288434276,      -7.256841023,      -6.923089805,      -9.925002708
          0,           0,         296,      -7.553648153,      -6.937713846,      -7.291880514,      -7.260425175,      -6.926064361,      -9.927135727
          0,           0,         297,      -7.556585601,      -6.940842581,      -7.295280537,      -7.263967023,      -6.929071222,      -9.929282308
          0,           0,         298,      -7.559550657,      -6.943932509,      -7.298633788,      -7.267463617,      -6.932104927,      -9.931435371
          0,           0,         299,      -7.562538054,      -6.946982268,      -7.301940139,      -7.270914348,      -6.935161616,       -9.93357862
          0,           0,         300,      -7.565527861,      -6.949988604,      -7.305196949,      -7.274318227,      -6.938223027,       -9.93574024
          0,           0,         301,      -7.568497041,       -6.95295254,      -7.308404835,      -7.277673187,      -6.941265766,      -9.937905071
          0,           0,         302,      -7.571449561,      -6.955873736,      -7.311564858,      -7.280980867,      -6.944292145,      -9.940072651
          0,           0,         303,      -7.574374808,      -6.958746897,      -7.314677949,      -7.284239733,      -6.947290573,      -9.942244591
          0,           0,         304,      -7.577271635,       -6.96157781,      -7.317746642,      -7.287453605,      -6.950259653,      -9.944421187
          0,           0,         305,      -7.580231948,      -6.964370061,      -7.320773771,      -7.290631544,      -6.953288493,      -9.946602216
          0,           0,         306,      -7.583189475,        -6.9671241,      -7.323761881,      -7.293772416,       -6.95631606,      -9.948787215
          0,           0,         307,      -7.586070718,      -6.969840728,      -7.326714601,      -7.296880829,      -6.959268746,      -9.950975992
          0,           0,         308,      -7.588899208,      -6.972522288,      -7.329634554,      -7.299955538,      -6.962164368,      -9.953167922
          0,           0,         309,      -7.591693239,      -6.975171257,      -7.332524479,      -7.303001752,      -6.965017574,      -9.955362207
          0,           0,         310,      -7.594458639,      -6.977791294,      -7.335388041,      -7.306019046,      -6.967838086,      -9.957557873
          0,           0,         311,      -7.597203736,      -6.980386349,      -7.338231164,      -7.309014166,      -6.970632668,      -9.959754487
          0,           0,         312,      -7.599767523,      -6.982960225,      -7.341054294,      -7.311989493,       -6.97324292,      -9.961951929
          0,           0,         313,      -7.602314005,       -6.98551734,      -7.343859985,       -7.31494637,      -6.975830668,      -9.964150039
          0,           0,         314,      -7.604861763,      -6.988060252,      -7.346649723,      -7.317889383,      -6.978412769,      -9.966348569
          0,           0,         315,      -7.607443763,      -6.990596294,      -7.349429148,      -7.320823897,      -6.981021918,      -9.968547333
          0,           0,         316,      -7.609994496,       -6.99312898,      -7.352203369,      -7.323748808,      -6.983597512,      -9.970745808
          0,           0,         317,      -7.612527688,      -6.995663105,      -7.354976969,      -7.326669546,      -6.986149147,      -9.972943526
          0,           0,         318,      -7.615058721,      -6.998200927,      -7.357752934,      -7.329586233,      -6.988691754,      -9.975139841
          0,           0,         319,      -7.617594394,      -7.000744051,      -7.360533008,      -7.332500677,        -6.9912334,      -9.977333983
          0,           0,         320,      -7.620136604,      -7.003293566,       -7.36331913,      -7.335416015,      -6.993776393,      -9.979524948
          0,           0,         321,      -7.622672848,       -7.00584747,      -7.366113698,      -7.338331186,      -6.996308978,      -9.981704048
          0,           0,         322,      -7.625196236,      -7.008411661,      -7.368918116,      -7.341244413,      -6.998825909,      -9.983881032
          0,           0,         323,      -7.627706763,      -7.011007459,      -7.371736016,       -7.34416222,      -7.001327624,      -9.986057987
          0,           0,         324,      -7.630218111,      -7.013625259,      -7.374566779,       -7.34708357,       -7.00382956,      -9.988234334
          0,           0,         325,      -7.632734034,      -7.016263749,      -7.377411163,      -7.350009041,      -7.006334575,      -9.990409187
          0,           0,         326,       -7.63527978,      -7.018924931,      -7.380270252,      -7.352943341,      -7.008867966,       -9.99258172
          0,           0,         327,       -7.63783511,      -7.021609166,      -7.383142115,      -7.355880977,      -7.011411064,      -9.994752127
          0,           0,         328,      -7.640399768,      -7.024316328,      -7.386025573,      -7.358820956,      -7.013962781,      -9.996919315
          0,           0,         329,      -7.642985317,      -7.027045636,       -7.38891887,      -7.361762532,      -7.016534308,      -9.999083066
          0,           0,         330,      -7.645608569,      -7.029795878,      -7.391819874,      -7.364705006,       -7.01914373,       -10.0012437
          0,           0,         331,      -7.648299227,      -7.032565012,      -7.394726343,      -7.367647226,      -7.021821136,        -10.003396
          0,           0,         332,      -7.651016156,      -7.035350693,      -7.397636182,      -7.370593505,      -7.024524107,      -10.00552286
          0,           0,         333,      -7.653751078,      -7.038150242,      -7.400547371,      -7.373528606,        -7.0272538,      -10.00766304
          0,           0,         334,      -7.656516677,      -7.040961317,      -7.403455772,      -7.376452032,      -7.030016052,      -10.00981157
          0,           0,         335,      -7.659320886,      -7.043782115,      -7.406359177,      -7.379364685,      -7.032818466,      -10.01196447
          0,           0,         336,      -7.662160677,      -7.046608851,      -7.409253264,      -7.382265226,      -7.035657687,       -10.0141202
          0,           0,         337,       -7.66503312,      -7.049438071,      -7.412140192,      -7.385151097,      -7.038536273,      -10.01627889
          0,           0,         338,      -7.667929757,      -7.052264729,      -7.415018055,      -7.388019158,      -7.041445235,      -10.01844047
          0,           0,         339,      -7.670842417,      -7.055083913,      -7.417884535,      -7.390870541,       -7.04437319,       -10.0206052
          0,           0,         340,      -7.673757781,       -7.05789211,      -7.420738483,       -7.39370093,       -7.04730967,      -10.02277317
          0,           0,         341,       -7.67666215,      -7.060685232,      -7.423578725,      -7.396511706,      -7.050240628,      -10.02494678
          0,           0,         342,      -7.679557094,      -7.063459156,      -7.426402186,       -7.39930839,      -7.053167263,       -10.0271231
          0,           0,         343,      -7.682653241,      -7.066212638,      -7.429207403,      -7.402133411,      -7.056294323,      -10.02930293
          0,           0,         344,      -7.685644058,      -7.068941918,      -7.431993843,       -7.40492058,      -7.059337436,      -10.03148767
          0,           0,         345,      -7.688547228,      -7.071639207,      -7.434757072,      -7.407672184,      -7.062296676,       -10.0336773
          0,           0,         346,      -7.691379361,      -7.074300325,      -7.437504458,      -7.410397629,      -7.065180546,      -10.03587172
          0,           0,         347,       -7.69416679,      -7.076928106,      -7.440230761,      -7.413102867,       -7.06801386,      -10.03807247
          0,           0,         348,      -7.696933478,      -7.079525763,      -7.442930386,      -7.415792014,      -7.070822211,      -10.04027942
          0,           0,         349,      -7.699701015,      -7.082095644,      -7.445605868,      -7.418469588,      -7.073629289,      -10.04249252
          0,           0,         350,      -7.702475585,      -7.084641804,      -7.448261813,      -7.421138433,      -7.076442848,      -10.04471194
          0,           0,         351,      -7.705253283,      -7.087170329,      -7.450903686,      -7.423802775,      -7.079258017,      -10.04693765
          0,           0,         352,      -7.708037412,      -7.089687023,      -7.453537978,      -7.426468092,      -7.082076796,      -10.04916929
          0,           0,         353,      -7.710838225,      -7.092201556,      -7.456172663,      -7.429141974,      -7.084910069,      -10.05140661
          0,           0,         354,      -7.713656578,      -7.094717286,      -7.458812976,      -7.431829847,      -7.087757375,      -10.05364925
          0,           0,         355,      -7.716500896,      -7.097240752,      -7.461465231,      -7.434539976,      -7.090626319,       -10.0558968
          0,           0,         356,      -7.719506722,      -7.099778403,       -7.46413569,       -7.43727962,      -7.093649335,      -10.05814873
          0,           0,         357,      -7.722619476,      -7.102335564,      -7.466831181,      -7.440057082,      -7.096778754,      -10.06040472
          0,           0,         358,      -7.725698797,      -7.104916572,       -7.46955726,      -7.442877895,      -7.099878044,      -10.06266435
          0,           0,         359,      -7.728764167,       -7.10752581,      -7.472317299,      -7.445745534,      -7.102960884,      -10.06492697
          0,           0,         360,      -7.731836642,      -7.110167877,      -7.475115134,      -7.448664471,      -7.106045504,      -10.06719217
          0,           0,         361,      -7.734927577,       -7.11284807,      -7.477954991,       -7.45163598,      -7.109144794,      -10.06945928
          0,           0,         362,      -7.738044252,      -7.115570126,      -7.480840492,       -7.45466458,      -7.112264901,      -10.07172794
          0,           0,         363,      -7.741202001,      -7.118337738,      -7.483775504,      -7.457755295,      -7.115421726,      -10.07397649
          0,           0,         364,      -7.744413419,      -7.121155478,      -7.486762293,      -7.460911925,      -7.118628726,      -10.07623397
          0,           0,         365,      -7.747685298,      -7.124024542,      -7.489803651,      -7.464138336,      -7.121893834,      -10.07850203
          0,           0,         366,      -7.751069971,      -7.126948382,      -7.492902692,      -7.467437446,      -7.125270308,      -10.08077584
          0,           0,         367,       -7.75450665,      -7.129929217,      -7.496062949,       -7.47081171,      -7.128699734,      -10.08305265
          0,           0,         368,       -7.75798845,      -7.132969739,       -7.49928749,      -7.474260447,      -7.132174762,      -10.08533094
          0,           0,         369,      -7.761502488,      -7.136068955,      -7.502578081,      -7.477784891,      -7.135681135,      -10.08761077
          0,           0,         370,      -7.765034449,      -7.139226907,      -7.505936352,      -7.481385775,      -7.139204433,        -10.089892
          0,           0,         371,      -7.768578466,       -7.14244365,      -7.509363501,      -7.485061555,      -7.142739695,      -10.09217444
          0,           0,         372,      -7.772161622,      -7.145719075,      -7.512860222,      -7.488814962,      -7.146312087,      -10.09445813
          0,           0,         373,      -7.775791115,       -7.14905175,      -7.516426984,      -7.492647494,      -7.149929608,      -10.09674364
          0,           0,         374,      -7.779473986,       -7.15243931,      -7.520063436,      -7.496559056,       -7.15360087,      -10.09903443
          0,           0,         375,      -7.783220442,      -7.155878408,      -7.523768399,      -7.500547809,       -7.15733814,      -10.10133971
          0,           0,         376,       -7.78702272,      -7.159364929,      -7.527537556,       -7.50461427,      -7.161133936,      -10.10363726
          0,           0,         377,      -7.790868097,      -7.162895309,      -7.531368602,      -7.508752994,      -7.164976645,      -10.10593411
          0,           0,         378,      -7.794754267,      -7.166464301,      -7.535260842,       -7.51295826,      -7.168865446,      -10.10823035
          0,           0,         379,      -7.798674633,      -7.170067558,       -7.53921272,      -7.517225474,      -7.172793901,      -10.11052832
          0,           0,         380,      -7.802624213,      -7.173701131,      -7.543221381,      -7.521551894,      -7.176756338,      -10.11282811
          0,           0,         381,      -7.806597663,      -7.177361377,      -7.547283269,      -7.525934979,      -7.180746939,      -10.11512952
          0,           0,         382,      -7.810603819,      -7.181045301,      -7.551394519,      -7.530371972,      -7.184774212,      -10.11743254
          0,           0,         383,      -7.814656833,       -7.18475003,      -7.555551324,      -7.534859692,      -7.188852439,      -10.11973456
          0,           0,         384,      -7.818683328,      -7.188470315,      -7.559751665,      -7.539391892,      -7.192909923,      -10.12203966
          0,           0,         385,      -7.822694673,      -7.192202608,      -7.563989787,      -7.543964521,      -7.196954999,      -10.12435158
          0,           0,         386,        -7.8267013,      -7.195943697,      -7.568261107,      -7.548573722,      -7.200997407,      -10.12666833
          0,           0,         387,      -7.830710164,      -7.199690441,      -7.572561847,      -7.553216797,      -7.205043836,      -10.12898985
          0,           0,         388,      -7.834704126,      -7.203439366,      -7.576888391,      -7.557888836,      -7.209079229,      -10.13131512
          0,           0,         389,      -7.838811559,      -7.207188071,      -7.581236916,        -7.5625866,      -7.213227641,      -10.13364425
          0,           0,         390,      -7.842921283,      -7.210933973,      -7.585603744,      -7.567309229,      -7.217385033,      -10.13597755
          0,           0,         391,      -7.846967495,      -7.214674066,      -7.589984133,      -7.572051016,      -7.221484788,       -10.1383154
          0,           0,         392,      -7.850962477,       -7.21840592,      -7.594373734,      -7.576807078,      -7.225535735,      -10.14065819
          0,           0,         393,      -7.854917627,      -7.222126902,      -7.598768969,      -7.581573773,      -7.229547506,      -10.14300626
          0,           0,         394,      -7.858830629,      -7.225835487,      -7.603166671,      -7.586343765,      -7.233516301,      -10.14535987
          0,           0,         395,      -7.862714264,      -7.229531954,       -7.60756472,      -7.591120619,      -7.237456475,      -10.14771915
          0,           0,         396,      -7.866581586,      -7.233215707,      -7.611960883,      -7.595903067,      -7.241381498,      -10.15008455
          0,           0,         397,      -7.870436364,      -7.236885852,      -7.616352808,      -7.600688011,      -7.245294561,      -10.15245572
          0,           0,         398,      -7.874282235,      -7.240542043,      -7.620738875,      -7.605471159,      -7.249199029,      -10.15483239
          0,           0,         399,      -7.878138029,      -7.244184841,      -7.625117785,      -7.610252143,      -7.253113374,      -10.15721449
          0,           0,         400,      -7.881973089,       -7.24781415,       -7.62948848,      -7.615028025,       -7.25700795,        -10.159602
          0,           0,         401,      -7.885854477,      -7.251431233,      -7.633850148,      -7.619809956,      -7.260947728,       -10.1619949
          0,           0,         402,      -7.889766744,      -7.255037921,       -7.63820204,      -7.624595121,      -7.264922018,      -10.16439313
          0,           0,         403,      -7.893639118,      -7.258635553,      -7.642542729,      -7.629366469,      -7.268861703,      -10.16679632
          0,           0,         404,      -7.897484923,      -7.262224851,      -7.646871394,      -7.634122459,      -7.272773968,      -10.16920507
          0,           0,         405,      -7.901318831,       -7.26580763,      -7.651188692,      -7.638864547,      -7.276670595,      -10.17161913
          0,           0,         406,      -7.905178685,      -7.269386551,      -7.655495426,      -7.643596295,      -7.280589886,      -10.17403828
          0,           0,         407,       -7.90902996,      -7.272962971,      -7.659793097,       -7.64831827,      -7.284499438,      -10.17646238
          0,           0,         408,      -7.912861299,      -7.276538312,      -7.664083021,      -7.653031936,      -7.288387092,      -10.17889132
          0,           0,         409,      -7.916685619,      -7.280114834,      -7.668366681,       -7.65774022,      -7.292264572,      -10.18132475
          0,           0,         410,      -7.920512342,      -7.283694818,      -7.672646084,      -7.662446419,      -7.296141373,      -10.18376269
          0,           0,         411,      -7.924348108,      -7.287280402,       -7.67692343,      -7.667154032,      -7.300024729,      -10.18620518
          0,           0,         412,      -7.928197154,      -7.290873428,       -7.68120103,      -7.671866544,      -7.303919537,      -10.18865221
          0,           0,         413,      -7.932061882,      -7.294475713,      -7.685481395,      -7.676587353,      -7.307828688,      -10.19110386
          0,           0,         414,      -7.935947442,      -7.298088934,      -7.689767101,       -7.68132031,      -7.311757783,      -10.19355985
          0,           0,         415,      -7.939851723,      -7.301713968,      -7.694060394,       -7.68606826,      -7.315704753,      -10.19602014
          0,           0,         416,      -7.943772436,      -7.305351603,      -7.698363693,      -7.690833926,      -7.319667342,       -10.1984845
          0,           0,         417,      -7.947711181,        -7.3090028,      -7.702679685,      -7.695620648,       -7.32364755,      -10.20095275
          0,           0,         418,       -7.95166806,      -7.312668409,      -7.707010491,      -7.700431095,      -7.327645643,      -10.20342473
          0,           0,         419,      -7.955642428,      -7.316348656,      -7.711357869,      -7.705268122,      -7.331660856,      -10.20590041
          0,           0,         420,      -7.959633798,      -7.320043747,      -7.715723706,      -7.710134301,      -7.335692705,      -10.20837962
          0,           0,         421,      -7.963669062,      -7.323754023,      -7.720110032,      -7.715032373,      -7.339767452,       -10.2108624
          0,           0,         422,      -7.967724824,      -7.327479564,      -7.724518614,      -7.719965234,      -7.343863413,      -10.21334892
          0,           0,         423,      -7.971790686,      -7.331220395,      -7.728950899,      -7.724934943,      -7.347970069,      -10.21583927
          0,           0,         424,      -7.975874047,       -7.33497673,      -7.733408208,      -7.729943014,      -7.352094104,      -10.21833353
          0,           0,         425,      -7.979988591,      -7.338748929,      -7.737892147,      -7.734991206,      -7.356248861,      -10.22083167
          0,           0,         426,      -7.984113314,      -7.342537074,      -7.742404678,      -7.740081781,      -7.360414082,       -10.2233337
          0,           0,         427,      -7.988251046,      -7.346341591,      -7.746947023,      -7.745216872,      -7.364592388,      -10.22583965
          0,           0,         428,      -7.992403227,      -7.350162918,       -7.75152064,      -7.750398633,      -7.368785083,      -10.22834954
          0,           0,         429,      -7.996570769,      -7.354001333,      -7.756127081,      -7.755629137,      -7.372993074,      -10.23086374
          0,           0,         430,      -8.000958636,      -7.357859762,      -7.760767756,      -7.760945259,       -7.37742087,      -10.23338131
          0,           0,         431,      -8.005428709,      -7.361737781,      -7.765445605,      -7.766330597,      -7.381944268,      -10.23590272
          0,           0,         432,      -8.009766039,      -7.365631559,       -7.77016189,      -7.771752331,      -7.386343194,      -10.23842829
          0,           0,         433,      -8.014048249,      -7.369539834,      -7.774915343,      -7.777215122,      -7.390681331,      -10.24095812
          0,           0,         434,       -8.01831024,      -7.373462056,       -7.77970558,      -7.782723962,      -7.394992224,      -10.24349204
          0,           0,         435,      -8.022568123,      -7.377396478,      -7.784532795,      -7.788281925,       -7.39929445,      -10.24602974
          0,           0,         436,      -8.026839156,      -7.381342122,      -7.789396092,      -7.793892667,      -7.403608575,      -10.24857148
          0,           0,         437,      -8.031137952,       -7.38529965,      -7.794295208,      -7.799560502,      -7.407952434,       -10.2511173
          0,           0,         438,      -8.035441946,      -7.389269002,       -7.79923139,      -7.805280869,      -7.412304658,      -10.25366717
          0,           0,         439,      -8.039748633,      -7.393249841,       -7.80420493,       -7.81105184,      -7.416660584,      -10.25622108
          0,           0,         440,      -8.044059727,      -7.397241288,      -7.809215164,        -7.8168725,      -7.421021521,      -10.25877901
          0,           0,         441,      -8.048377096,      -7.401242048,       -7.81426071,      -7.822741155,      -7.425390022,      -10.26134099
          0,           0,         442,      -8.052699282,      -7.405250607,      -7.819340041,      -7.828655575,      -7.429765059,      -10.26390705
          0,           0,         443,      -8.057023014,      -7.409265341,      -7.824451668,      -7.834613602,      -7.434143317,      -10.26647722
          0,           0,         444,      -8.061345755,      -7.413284726,      -7.829593983,      -7.840613094,      -7.438522145,      -10.26905152
          0,           0,         445,      -8.065685994,      -7.417307516,      -7.834765256,      -7.846652861,      -7.442919968,      -10.27162994
          0,           0,         446,       -8.07001863,      -7.421331995,      -7.839963854,      -7.852730217,      -7.447312602,      -10.27421249
          0,           0,         447,      -8.074343652,      -7.425356807,      -7.845187889,      -7.858841543,      -7.451699275,      -10.27679916
          0,           0,         448,      -8.078688909,      -7.429381015,      -7.850435323,      -7.864983639,       -7.45610828,      -10.27938994
          0,           0,         449,      -8.083014924,      -7.433403183,      -7.855704182,      -7.871156598,      -7.460498226,      -10.28198467
          0,           0,         450,      -8.087323922,      -7.437421975,      -7.860992581,      -7.877357757,       -7.46487247,      -10.28458349
          0,           0,         451,      -8.091614668,      -7.441435778,      -7.866298372,      -7.883584403,       -7.46922962,      -10.28718644
          0,           0,         452,      -8.095887888,      -7.445443513,      -7.871619405,       -7.88983393,        -7.4735698,       -10.2897934
          0,           0,         453,      -8.100145524,       -7.44944428,      -7.876953665,      -7.896103869,      -7.477894486,      -10.29240425
          0,           0,         454,      -8.104389322,      -7.453437238,      -7.882299587,      -7.902392025,      -7.482205239,      -10.29501888
          0,           0,         455,      -8.108620792,      -7.457421894,      -7.887655493,      -7.908696162,      -7.486503577,      -10.29763722
          0,           0,         456,      -8.112841027,      -7.461397948,      -7.893019672,      -7.915014239,      -7.490790676,      -10.30025917
          0,           0,         457,      -8.117050478,      -7.465365127,      -7.898390711,      -7.921344524,      -7.495067056,      -10.30288463
          0,           0,         458,      -8.121249319,      -7.469323214,      -7.903767326,      -7.927685378,      -7.499332918,      -10.30551352
          0,           0,         459,       -8.12543765,      -7.473272167,      -7.909148357,      -7.934035192,      -7.503588348,      -10.30814575
          0,           0,         460,      -8.129615593,      -7.477212114,      -7.914532778,      -7.940392387,      -7.507833445,      -10.31078124
          0,           0,         461,      -8.133783183,      -7.481143157,      -7.919919684,      -7.946755371,      -7.512068209,      -10.31341992
          0,           0,         462,      -8.137940605,      -7.485065473,      -7.925308132,      -7.953122589,      -7.516292753,      -10.31606172
          0,           0,         463,       -8.14208806,      -7.488979318,      -7.930697475,      -7.959492606,      -7.520507211,      -10.31870659
          0,           0,         464,      -8.146225739,      -7.492884913,      -7.936087131,      -7.965864026,      -7.524711692,      -10.32135451
          0,           0,         465,      -8.150353839,       -7.49678252,      -7.941476524,      -7.972235514,      -7.528906336,      -10.32400541
          0,           0,         466,      -8.154472478,      -7.500672376,      -7.946865128,      -7.978605793,      -7.533091177,      -10.32665922
          0,           0,         467,      -8.158581777,      -7.504554688,      -7.952252404,      -7.984973724,       -7.53726626,      -10.32931589
          0,           0,         468,      -8.162681814,      -7.508429647,      -7.957637872,      -7.991338283,      -7.541431579,      -10.33197538
          0,           0,         469,      -8.166772748,      -7.512297435,      -7.963021123,      -7.997698543,      -7.545587218,      -10.33463763
          0,           0,         470,      -8.170854764,       -7.51615819,      -7.968401751,      -8.004053709,      -7.549733303,      -10.33730261
          0,           0,         471,      -8.174927498,      -7.520011859,      -7.973779375,       -8.01040309,      -7.553869359,      -10.33997027
          0,           0,         472,      -8.178991608,      -7.523858612,      -7.979153671,      -8.016746084,      -7.557996073,      -10.34264059
          0,           0,         473,      -8.183047332,      -7.527698652,       -7.98452443,      -8.023082296,      -7.562113636,      -10.34531353
          0,           0,         474,       -8.18709474,       -7.53153208,      -7.989891414,      -8.029411437,      -7.566222126,      -10.34798907
          0,           0,         475,      -8.191133884,      -7.535359046,      -7.995254611,      -8.035733284,       -7.57032155,      -10.35066717
          0,           0,         476,       -8.19516496,      -7.539179665,      -8.000614084,      -8.042047896,      -7.574412095,      -10.35334893
          0,           0,         477,       -8.19918826,      -7.542993718,      -8.005968595,      -8.048355603,      -7.578494091,      -10.35603303
          0,           0,         478,      -8.203203119,      -7.546800927,      -8.011311317,      -8.054653827,       -7.58256682,      -10.35871971
          0,           0,         479,      -8.207210786,      -7.550601851,      -8.016651498,      -8.060943121,      -7.586631622,      -10.36140849
          0,           0,         480,      -8.211210202,      -7.554396564,      -8.021989931,      -8.067223635,       -7.59068743,       -10.3640998
          0,           0,         481,      -8.215201299,      -7.558185038,      -8.027326402,      -8.073496762,      -7.594734389,      -10.36679384
          0,           0,         482,      -8.219184331,      -7.561967465,      -8.032661139,      -8.079763866,      -7.598772656,      -10.36949054
          0,           0,         483,      -8.223159701,      -7.565743904,        -8.0379941,      -8.086026208,      -7.602802734,      -10.37218978
          0,           0,         484,      -8.227127925,      -7.569514416,      -8.043325449,      -8.092284643,      -7.606825195,      -10.37489147
          0,           0,         485,       -8.23108845,      -7.573279153,      -8.048655567,      -8.098539925,      -7.610839364,      -10.37759552
          0,           0,         486,      -8.235042363,      -7.577037879,      -8.053984015,      -8.104792835,       -7.61484681,      -10.38030191
          0,           0,         487,      -8.238988476,      -7.580791015,      -8.059311822,      -8.111043776,      -7.618845818,      -10.38301059
          0,           0,         488,      -8.242928247,      -7.584538112,       -8.06463797,      -8.117293763,      -7.622838667,      -10.38572157
          0,           0,         489,      -8.246860244,      -7.588279865,       -8.06996416,       -8.12354304,      -7.626822969,      -10.38843482
          0,           0,         490,      -8.250784802,      -7.592015936,      -8.075289464,      -8.129793057,      -7.630799642,      -10.39115032
          0,           0,         491,      -8.254701972,      -7.595746747,      -8.080615044,      -8.136044237,      -7.634768295,      -10.39386807
          0,           0,         492,      -8.258609719,      -7.599472569,      -8.085941406,      -8.142297246,      -7.638726643,      -10.39658792
          0,           0,         493,      -8.262515285,      -7.603192243,      -8.091266364,      -8.148552083,      -7.642684767,      -10.39930985
          0,           0,         494,      -8.266416684,      -7.606907109,      -8.096593608,      -8.154805854,       -7.64663936,      -10.40203365
          0,           0,         495,      -8.270324926,       -7.61061456,      -8.101917299,      -8.161059643,       -7.65060667,      -10.40475947
          0,           0,         496,      -8.274224148,      -7.614318837,      -8.107246041,      -8.167313825,       -7.65456085,      -10.40748738
          0,           0,         497,       -8.27810526,      -7.618019029,      -8.112575273,      -8.173576925,       -7.65849166,      -10.41021735
          0,           0,         498,      -8.281966176,      -7.621715591,      -8.117907074,      -8.179851314,      -7.662398675,       -10.4129492
          0,           0,         499,       -8.28580582,      -7.625407476,      -8.123241397,      -8.186128702,      -7.666286876,      -10.41568242
          0,           0,         500,      -8.289677476,       -7.62908923,      -8.128571194,      -8.192401157,      -7.670226646,      -10.41841737
          0,           0,         501,      -8.293543578,      -7.632769596,      -8.133899151,      -8.198663532,      -7.674150805,      -10.42115437
          0,           0,         502,      -8.297376555,      -7.636447719,      -8.139229874,       -8.20494189,      -7.678024446,      -10.42389341
          0,           0,         503,      -8.301180577,      -7.640124267,      -8.144568036,      -8.211242664,      -7.681859609,      -10.42663415
          0,           0,         504,      -8.304980748,      -7.643796363,      -8.149908954,      -8.217551421,      -7.685697263,      -10.42937603
          0,           0,         505,      -8.308818671,      -7.647458191,      -8.155247179,      -8.223854167,      -7.689598334,      -10.43211933
          0,           0,         506,      -8.312657467,      -7.651117969,      -8.160594256,      -8.230141089,      -7.693494427,       -10.4348644
          0,           0,         507,       -8.31646176,      -7.654775016,      -8.165938976,      -8.236436535,      -7.697337805,       -10.4376113
          0,           0,         508,      -8.320229814,       -7.65843068,      -8.171288355,      -8.242749743,      -7.701132438,      -10.44035973
          0,           0,         509,      -8.323990397,      -7.662081624,        -8.1766376,      -8.249066714,      -7.704925873,      -10.44310907
          0,           0,         510,      -8.327789214,      -7.665722169,      -8.181983037,      -8.255371315,      -7.708785626,      -10.44585956
          0,           0,         511,      -8.331595353,       -7.66936042,      -8.187336082,      -8.261650039,      -7.712649829,      -10.44861158
          0,           0,         512,      -8.335369573,      -7.672996419,      -8.192684159,      -8.267929079,      -7.716462284,      -10.45136519
          0,           0,         513,      -8.339104808,      -7.676631706,      -8.198035415,      -8.274221996,      -7.720220158,      -10.45412012
          0,           0,         514,      -8.342833059,       -7.68026269,      -8.203384989,       -8.28051707,      -7.723977667,      -10.45687578
          0,           0,         515,      -8.346603323,      -7.683883874,      -8.208730955,      -8.286797913,      -7.727808237,       -10.4596324
          0,           0,         516,      -8.350383443,      -7.687503475,      -8.214084401,      -8.293048612,      -7.731645343,      -10.46239039
          0,           0,         517,      -8.354130145,      -7.691121468,      -8.219431489,      -8.299297158,      -7.735426342,      -10.46514981
          0,           0,         518,      -8.357837796,      -7.694739115,      -8.224780457,       -8.30555942,      -7.739152315,      -10.46791034
          0,           0,         519,      -8.361541107,      -7.698352654,      -8.230127237,      -8.311822825,      -7.742882479,      -10.47067135
          0,           0,         520,      -8.365290181,      -7.701956593,      -8.235471672,       -8.31807083,      -7.746692696,      -10.47343313
          0,           0,         521,      -8.369045613,      -7.705559901,      -8.240823449,      -8.324286559,      -7.750501792,      -10.47619612
          0,           0,         522,      -8.372762146,      -7.709162029,      -8.246167934,      -8.330500465,      -7.754246132,      -10.47896035
          0,           0,         523,      -8.376442078,      -7.712763156,      -8.251512231,      -8.336728707,      -7.757940705,      -10.48172546
          0,           0,         524,      -8.380122748,      -7.716359632,      -8.256853854,      -8.342954766,      -7.761648075,      -10.48449084
          0,           0,         525,      -8.383852827,      -7.719946111,       -8.26219392,      -8.349162175,      -7.765442119,      -10.48725691
          0,           0,         526,      -8.387579768,      -7.723532753,      -8.267538966,      -8.355334546,      -7.769217304,      -10.49002407
          0,           0,         527,      -8.391260155,       -7.72711787,      -8.272874459,      -8.361504811,      -7.772917576,      -10.49279224
          0,           0,         528,      -8.394909808,      -7.730700318,      -8.278205679,      -8.367687296,      -7.776579906,      -10.49556099
          0,           0,         529,      -8.398566839,      -7.734276993,      -8.283533344,      -8.373858931,      -7.780266696,       -10.4983298
          0,           0,         530,      -8.402274852,      -7.737843309,      -8.288858837,      -8.380004434,      -7.784041976,      -10.50109922
          0,           0,         531,      -8.405964592,      -7.741410687,        -8.2941847,      -8.386110885,      -7.787770975,      -10.50386958
          0,           0,         532,      -8.409599317,      -7.744975798,      -8.299498143,      -8.392214955,      -7.791416814,      -10.50664062
          0,           0,         533,      -8.413215745,      -7.748536362,      -8.304802659,      -8.398326779,      -7.795045881,      -10.50941189
          0,           0,         534,      -8.416851293,      -7.752090327,      -8.310104552,      -8.404416073,      -7.798717221,      -10.51218302
          0,           0,         535,      -8.420535596,      -7.755634786,      -8.315402191,      -8.410471481,      -7.802469007,      -10.51495467
          0,           0,         536,      -8.424184361,      -7.759181559,      -8.320695574,      -8.416487791,      -7.806144097,      -10.51772703
          0,           0,         537,      -8.427782521,      -7.762725479,      -8.325974188,      -8.422503375,       -7.80974526,      -10.52049969
          0,           0,         538,      -8.431376554,       -7.76626352,      -8.331240741,      -8.428522648,      -7.813355202,      -10.52327219
          0,           0,         539,      -8.435000271,       -7.76979514,       -8.33650908,      -8.434508306,      -7.817023465,      -10.52604442
          0,           0,         540,      -8.438659408,      -7.773319814,      -8.341769049,      -8.440455473,      -7.820743963,      -10.52881705
          0,           0,         541,      -8.442265993,      -7.776847896,      -8.347022379,      -8.446371048,       -7.82436191,       -10.5315901
          0,           0,         542,      -8.445830019,      -7.780372812,       -8.35226044,      -8.452290343,      -7.827923274,        -10.534363
          0,           0,         543,      -8.449408831,      -7.783891076,      -8.357487453,       -8.45821036,      -7.831525304,      -10.53713537
          0,           0,         544,      -8.453026128,      -7.787404479,      -8.362723186,      -8.464089046,      -7.835194895,      -10.53990744
          0,           0,         545,      -8.456655349,      -7.790914673,      -8.367945412,      -8.469931535,      -7.838870249,      -10.54267974
          0,           0,         546,      -8.460224997,      -7.794428619,       -8.37316139,      -8.475759318,       -7.84243747,       -10.5454521
          0,           0,         547,       -8.46376816,      -7.797939628,      -8.378364001,      -8.481596874,      -7.845976395,      -10.54822385
          0,           0,         548,      -8.467347651,      -7.801443765,      -8.383562235,      -8.487433753,       -7.84959154,      -10.55099486
          0,           0,         549,      -8.470963957,      -7.804946303,      -8.388773315,       -8.49322625,      -7.853261012,      -10.55376558
          0,           0,         550,      -8.474562552,      -7.808449273,      -8.393967817,      -8.498993882,      -7.856883629,      -10.55653631
          0,           0,         551,      -8.478108606,      -7.811955106,      -8.399157128,      -8.504768999,      -7.860418846,      -10.55930671
          0,           0,         552,      -8.481648308,      -7.815458427,      -8.404338037,      -8.510557293,      -7.863958936,      -10.56207607
          0,           0,         553,      -8.485242964,      -7.818955165,      -8.409525517,      -8.516343282,      -7.867604477,      -10.56484462
          0,           0,         554,      -8.488854647,      -7.822454545,      -8.414722457,      -8.522086341,      -7.871257823,       -10.5676128
          0,           0,         555,      -8.492424481,      -7.825956059,      -8.419904718,      -8.527823665,      -7.874829008,      -10.57038059
          0,           0,         556,      -8.495961448,      -7.829458589,      -8.425082557,      -8.533587775,      -7.878354241,      -10.57314758
          0,           0,         557,       -8.49951345,      -7.832958791,      -8.430262147,       -8.53936174,      -7.881919146,      -10.57591326
          0,           0,         558,      -8.503126884,      -7.836453818,      -8.435456398,      -8.545129325,      -7.885593157,      -10.57867822
          0,           0,         559,      -8.506723235,      -7.839955064,      -8.440653107,      -8.550862395,      -7.889208596,      -10.58144279
          0,           0,         560,      -8.510270149,      -7.843458044,       -8.44583928,      -8.556611966,      -7.892740537,      -10.58420666
          0,           0,         561,       -8.51381036,      -7.846960001,       -8.45102242,      -8.562398885,      -7.896276304,      -10.58696935
          0,           0,         562,      -8.517385848,      -7.850459832,      -8.456222598,      -8.568185653,      -7.899883912,      -10.58973073
          0,           0,         563,      -8.521006619,      -7.853957588,      -8.461431832,      -8.573959383,      -7.903559079,      -10.59249149
          0,           0,         564,      -8.524578734,      -7.857462676,      -8.466640026,      -8.579716801,      -7.907125389,      -10.59525166
          0,           0,         565,      -8.528112458,      -7.860967897,       -8.47184023,       -8.58550705,      -7.910638107,       -10.5980107
          0,           0,         566,      -8.531667411,      -7.864470013,      -8.477042975,      -8.591333038,      -7.914205789,      -10.60076826
          0,           0,         567,      -8.535267695,      -7.867971174,      -8.482275149,      -8.597142875,      -7.917853906,      -10.60352465
          0,           0,         568,      -8.538873816,      -7.871473621,      -8.487500717,      -8.602935744,      -7.921489877,      -10.60628034
          0,           0,         569,      -8.542421432,      -7.874981394,      -8.492725157,      -8.608738086,      -7.925015351,       -10.6090351
          0,           0,         570,      -8.545953025,      -7.878487696,      -8.497944076,      -8.614576689,      -7.928531249,      -10.61178824
          0,           0,         571,      -8.549531746,      -7.881989122,      -8.503178552,      -8.620439049,      -7.932148291,      -10.61453983
          0,           0,         572,      -8.553140051,      -7.885492634,      -8.508435599,      -8.626266861,      -7.935799992,      -10.61729035
          0,           0,         573,      -8.556713356,        -7.8889986,       -8.51367716,      -8.632085808,      -7.939372012,      -10.62003987
          0,           0,         574,      -8.560245191,      -7.892506214,      -8.518915337,      -8.637936149,      -7.942879827,      -10.62278798
          0,           0,         575,      -8.563786324,      -7.896011322,      -8.524155814,      -8.643810321,       -7.94642285,      -10.62553411
          0,           0,         576,      -8.567387538,      -7.899511548,      -8.529421515,      -8.649688423,       -7.95008212,      -10.62827875
          0,           0,         577,      -8.570977284,      -7.903017084,      -8.534688684,      -8.655522233,      -7.953688775,      -10.63102224
          0,           0,         578,      -8.574516493,      -7.906523582,      -8.539940372,      -8.661365921,      -7.957205032,      -10.63376428
          0,           0,         579,      -8.578045069,      -7.910028428,      -8.545186533,      -8.667249009,      -7.960720807,      -10.63650436
          0,           0,         580,      -8.581607052,      -7.913530468,      -8.550452529,      -8.673132889,      -7.964311941,      -10.63924236
          0,           0,         581,      -8.585212254,       -7.91703035,      -8.555729317,      -8.678997229,      -7.967969356,      -10.64197889
          0,           0,         582,      -8.588767363,       -7.92053611,      -8.560996144,      -8.684829979,      -7.971510099,      -10.64471395
          0,           0,         583,      -8.592285331,      -7.924040526,      -8.566247966,      -8.690689213,      -7.974999512,      -10.64744698
          0,           0,         584,      -8.595825307,      -7.927541031,       -8.57150097,      -8.696581404,      -7.978550629,      -10.65017769
          0,           0,         585,      -8.599409176,      -7.931040368,        -8.5767863,      -8.702446479,      -7.982182435,      -10.65290639
          0,           0,         586,      -8.602990565,      -7.934540807,      -8.582054635,      -8.708279179,      -7.985783655,      -10.65563343
          0,           0,         587,      -8.606515017,      -7.938044645,      -8.587312214,      -8.714112153,      -7.989276355,      -10.65835852
          0,           0,         588,      -8.610029658,       -7.94154585,      -8.592558239,       -8.71997435,      -7.992772307,      -10.66108101
          0,           0,         589,      -8.613594501,      -7.945042163,      -8.597825222,      -8.725853458,      -7.996380146,      -10.66380102
          0,           0,         590,      -8.617179469,      -7.948541237,      -8.603105542,      -8.731679402,      -7.999999779,      -10.66651902
          0,           0,         591,      -8.620722395,      -7.952041932,       -8.60835989,      -8.737487456,       -8.00352632,      -10.66923492
          0,           0,         592,       -8.62423395,      -7.955542643,      -8.613602546,      -8.743325354,      -8.007008822,      -10.67194827
          0,           0,         593,      -8.627763915,      -7.959040611,       -8.61884972,        -8.7491784,      -8.010545327,      -10.67465866
          0,           0,         594,      -8.631350495,      -7.962535272,      -8.624123609,      -8.755024377,      -8.014189201,       -10.6773666
          0,           0,         595,      -8.634910032,      -7.966035497,      -8.629384058,      -8.760814163,      -8.017746609,      -10.68007231
          0,           0,         596,      -8.638423963,      -7.969535477,      -8.634622285,      -8.766616357,       -8.02122571,      -10.68277538
